0.6734410137973856,0.7857016212198735,-0.6501882241635196,0.4647209624470619,-0.6358044059159746,0.2725269182874671,0.5566000777452536,0.3324619440939659,-0.01948542073273189,1.2486625024280837,0.6372609517054671,-1.398449201280891,0.46862325082390216,-1.6782522866986183,0.7750728905695042,0.768760867785855,0.7857088527929751,0.47221123637726764,0.6699907707905851,-0.3127382113675191,-0.49450489321892216,-0.08404627333130844,0.30072537425522,0.14963635547103873,0.18477125984786946,-0.4207069823338948,1.1736925419372026,-0.10603529198122907,-0.18195494672526655,-0.421251831008446,-1
0.7975598455823835,0.7566169850199531,-0.21249925686358667,0.3103538299433186,0.5756546251138519,0.6030657888078952,0.41044386301200314,0.46671337259355894,-0.05242947255082482,0.2594218499707796,0.6333529483205886,-0.8496166367447439,0.48957180738232087,0.1276117696257603,0.003716996066608802,-0.12319589303721486,1.212922343905339,0.8585958706438965,1.149136529603376,-2.1628829574461643,-0.36110450387201803,-0.04268269775944125,0.6111893210312103,-0.007451555284019673,0.7498953575414106,0.17752904350806878,0.5242639357761548,-0.04344044294076964,0.030475179753495413,-0.40787390193000916,1
-1.2404222081038816,0.4759900929227379,-0.2404991089467775,0.3443695486132352,-0.1166447244389031,-0.07240629997636772,-0.22915156332863926,0.017060576165399924,0.06365952935059055,0.2675685505709127,-0.12220281194478703,0.13730073775654061,-0.13266691116160095,-0.6555896800466248,-0.2816727235705461,1.717663265384901,-0.13933924302278033,-0.23672508323995287,-0.3079869931553717,-0.5883093776958128,0.07550681165301085,0.09624559672064553,0.3181959046595951,-0.030153791820718454,0.6356137890708518,0.46229116897251415,1.2509032283907247,0.4659377616427337,0.6716188562479585,-0.32419952564438226,1
-1.4611820705452414,0.6162249567542898,-0.25801771436151716,0.6329956648538355,0.26723231081392834,0.4093296126234544,0.28913630587020667,0.47603952707458713,-0.06731200563049751,0.9256443141378631,0.49664742219987207,-0.3199997873373171,0.14204611201949496,1.2435304229853936,0.6815151748001425,-0.98627424520649,0.7126024221785274,0.9529081597057854,0.4240696128314608,-1.5146707087899491,-0.418589063522669,-0.26087846063638287,-0.6622026625807129,0.08657963202804317,0.44715037355550386,0.48171340686243547,-0.31117864552408864,-0.06131647413180019,0.07409217640982307,-0.4055057592049442,1
0.8582234975054975,0.7980959208340215,-0.4863424687910563,0.217194788898463,-0.6856126892657436,0.5853010711780183,0.10046698604630142,0.567575496945136,-0.12009298197115441,0.5391609594627167,0.6971097324450432,-0.5789579038319961,0.8305999085802852,-0.15036012496074017,0.9139646017222646,-0.9080730062360202,0.5386030974565615,0.4780887984786318,0.46604955515080193,0.23210039590923695,-0.400836006442733,-0.07614689330758467,0.3727678221327114,-0.03559955920093037,0.6401850054335646,0.6070427617729596,1.3916421038604323,-0.1911978753099842,-0.27796100715860944,-0.4180943073750261,-1
1.2129767010078016,0.43561760319312737,-0.30559988644866526,0.5682313762052826,-0.5324998722900262,0.7731389790727714,1.444854913889056,0.6260079465294865,-0.04428621676817449,0.2058891720909574,0.6568966069540969,-0.23766951523069346,0.815414318677021,0.19911533921192298,0.8776533007372406,1.445722287036327,-0.1221652158576387,0.7648508570811247,0.23702294075622557,1.412274738418369,0.024289421358129178,0.036442182504294277,1.4608078149444106,-0.3584910500107934,-0.978937622798507,0.07654804176749051,1.0637012783513833,-0.030033830311678965,-0.29309116237282434,-0.3381591038131859,-1
-0.11949874689955503,0.6107494780780913,-0.8233015737889091,0.6708424173550358,-0.8804496797985276,0.0079210414916507,0.14105593830937757,0.3427711329537593,-0.07672274837274012,0.4296448882439649,0.741065688158108,-0.9639648947959932,0.467581448438085,-0.05352683206443211,0.6831804272859849,1.2713288254441295,1.0864623863614409,0.563291086084777,0.2272640150405145,-0.030409875980643764,0.16279462269259204,0.04613392301649489,0.7112932417355321,-0.22159053123667657,0.25669507769371147,0.543584757090441,-0.1539227333347561,-0.07352945652442659,0.0683887222650028,0.3639744409867617,-1
0.5601966415947592,0.38894353198856585,-0.21810154501913703,0.55352135255439,-1.0200084408048617,0.7286766949235086,0.3641323453685384,0.754731202995914,-0.23577657583963635,0.9377330890879002,0.9781532116409717,-0.40530416396545976,0.727718597748656,0.06472961926609076,0.6501578693920296,0.0804013827527651,0.458907945846399,0.35206765497411474,0.73403071446988,0.01806865577512012,0.409206158257067,-0.08060284162950525,1.1497804198757062,-0.20785752269797025,0.5980680802034324,-1.0957122598148192,-0.775970465592499,0.08243276862434191,-0.9674776583335968,-0.39844287739334716,-1
-1.0567646684904979,0.6111720696772098,-0.5277503751928431,0.7483619833041495,-0.3666845550287081,0.12451635374961821,0.20908616985992268,0.3874949696582801,-0.02454734934940765,0.7326225695243757,0.6562908431904713,-0.27076400703811515,0.7246101394145693,-1.351260701506655,0.8705763179295005,0.8795549942651022,0.8411093380259368,0.4454868571940215,0.8357971897876463,-0.572587054893554,-0.34951446691042604,-0.07925940838608868,0.10240363375938144,0.04012684685903125,1.0039572864257906,0.272873386169083,-1.0431138528753547,-0.038826150563028704,0.025653005479198174,-0.2453029811724828,-1
-0.8836482716906771,0.6168548234125921,-0.468710139597432,0.6130510284628776,-0.33304597137505193,0.38740307570437577,0.6169999401594716,0.4835717134636671,-0.040842584631264625,0.55664144548308,0.6284909658405649,-0.367745740585386,0.9749322561643241,0.3180664096171236,0.7873685130942912,-0.7748374947465546,0.48691319612005995,0.5479984596175681,0.3165042078725923,-0.24912395456251493,-0.30006565482731173,-0.13102299130986156,0.01461555629515396,-0.0961808193179734,-0.3561616469996929,0.977083161805375,-0.7205941702523158,-0.042062198023309696,-0.035190804160508384,-0.27168492205697786,-1
-0.9533323086696663,0.6310365118441837,-0.5350968031265615,0.3824156700020148,-0.6144469478551945,0.8625525776236733,2.4835244444225077,0.41782759029875144,0.10106165825130187,0.6323831830018871,0.6156271505829394,-0.8972674797769189,0.7402911319604546,-0.13131538914862445,0.7948990024703497,-0.10373393053605302,0.5883256942266175,0.4846215760638777,0.4637403394745279,0.004998482335807956,-0.17177045499527266,-0.16748980307405745,-0.41714248182720687,-0.11558252596050783,1.9811858990199238,1.2696121388668786,-0.7570568274735809,-0.0579276915107056,-0.005795625215639795,-0.1919159039495282,-1
-0.5849964468384232,0.27857459045652844,-0.5484471925395557,0.9076559848386492,-1.5330936961966402,0.14238331594786122,0.8494136508062123,0.3382110741403068,-0.1452876668488263,-0.47666557814468324,0.7948993427639404,-0.2127200572776947,0.5907190000367354,0.12717952278741412,0.6837696252833696,0.1355290977192298,0.5053586779096878,0.6622519287079958,0.5070970787947316,-1.3682103427928962,-0.7245731894068347,0.18212293818409886,0.29550851881900636,-0.0910710115392804,-0.4258507826699254,0.23119601931419154,-0.34132336548196507,0.06302227376560623,0.06906477924350544,-0.31987870383022876,-1
0.7657280941611889,0.34002574883340064,-0.333885125538355,0.614477844547185,-0.9972990239614066,1.0234002549685517,2.919200593151779,0.4844968224902837,-0.08731784561363454,0.705841414796683,0.6252140574432289,-0.7834457332289286,0.6654736815221687,-0.22823866478363125,0.6827678219016068,0.5069916969782285,0.641617081988813,0.4051569957972496,0.4347546066048459,-0.8260270787191473,-0.3786513332567858,0.09538953823330228,-0.38485057980874277,0.09867764872346832,1.2622366129961453,-1.1352077044375959,-2.2771435483724387,-0.2246349149877158,-0.636756318537361,-0.3589738319755986,-1
0.9853630125078208,0.788970499137342,-0.5295749765600956,0.3675654789502474,-0.5930268964367906,0.32088448314275586,-0.34970899473454226,0.4941545961602663,-0.1220740499094277,0.9438886199457686,0.6378088400552308,-1.0795889670759187,0.5504054129840845,-1.4888810281157887,0.922032778441141,1.018118153683756,0.5926068799988585,0.4955240928114916,0.5790681291279217,-0.45430919058905667,-0.5422242204946277,-0.03174469813539285,0.6382824879812438,0.03385006860553478,0.08187255602173316,0.261962660072253,-0.2592583310359737,-0.09993944487578628,-0.201775725443703,-0.417097194648683,-1
-0.8968976132508077,0.37425400018586114,-0.6211041888177994,0.7738528747767901,-1.2897860573848192,-0.178617809392158,0.3896182272242329,0.6045384576410292,-0.13326163390584686,-0.4422786701070523,0.8112683711766971,-0.889594877172709,0.4672357572709155,0.9660293544342553,0.6152953779673411,0.5927200705565403,0.5629942232439283,0.6267923793704435,0.52322794921751,-0.3633489002371485,-0.41884067345728565,-0.21753432016370006,-0.42033990740237037,0.2248153681097161,0.674055905665183,-0.41412772543681153,-1.017302175954138,-0.027708860395009045,-0.13948914109417213,0.765727776975844,-1
1.6197898173383551,0.4296476378892862,-0.256106777917078,0.6208641514023404,-0.8873474311182818,0.4864024182175643,-0.22489893200503583,0.654889639213979,-0.11708308244976193,0.4811203660844986,0.5298708526410553,-0.9728978518536677,0.8307896647266716,1.0028930372373521,0.734959584056967,-0.47028204183615147,0.5748532058088042,0.49277893179089743,0.12983438018298982,-0.3524922618027058,-0.19281797145696788,-0.19904687260502732,-0.4057503373117887,0.07813632607193541,0.2621840718607752,-0.7259920231256958,0.22003999930677268,0.16706368069954045,0.18324176482955762,-0.40259751375311015,-1
-0.9610610912464091,-0.9581526875216605,0.9104239672441591,-0.7439703300024002,1.7412694986532542,-1.4450698545699723,-0.9404417105748164,-1.4851152461674668,0.9379510344709198,-2.362867858076738,-1.8720105851057132,1.6725821494641828,-2.219167597789594,0.9139464153345126,-1.9365763025781357,1.0514357566805823,-2.970943546180024,-3.3057925989668466,-3.042731974855788,2.5133609632484624,0.35943103019141504,0.7762154171790596,0.7709036284337322,0.04966733375425091,1.30157717563672,0.4992523695152362,0.8702254290991585,0.9785073876623029,0.4342728819458664,-0.41493678374160625,1
1.4210705262344454,0.7528686974001737,-0.13691207755101256,0.2610217925639052,0.575730745737716,0.6547967351659687,-0.00998192336412515,0.5739957318641203,-0.09121348553656047,-0.09486285143371591,0.6735486756500795,-0.09502506374605837,0.7202250209659674,0.1706473535510667,0.12270103782437639,-1.3402305288869205,1.1608666726271266,0.8554493007108092,0.9510689278201232,-1.5669596379945683,-0.37790816132045485,-0.21824942873248132,-0.677237939901591,0.19298394142515843,-0.3361335748674995,-0.21523622667294787,-0.5663858778271182,-0.08001006024698651,-0.013746388723373332,-0.4082062728387902,1
1.0972949499332645,0.15429682911434872,-0.772281280448981,0.7202124718536463,-1.5884013667249155,0.38273573468470434,-0.054654553466102644,0.3396845511271481,0.03329109332173287,-0.5704054452123674,0.7078747217607436,-0.6899870088907921,0.6040661922328713,0.4089481071677904,0.7539671526066668,-1.4101296090908948,0.589173270353133,0.5964512807058496,0.7115112934902912,-0.5385387651778782,-0.38394118948333367,-0.11747551912935748,-0.12789456779810796,-0.33664486097037355,-0.7201953013603317,1.0477706405721066,-0.311341033584598,-0.15704529995082042,-0.5169276528728206,-0.400478649209631,-1
1.2228303779856975,0.7573911629803282,0.004558252414492748,0.024291003093580215,0.6788642942845919,0.8404441895510945,-0.3947351473399009,0.653704858530332,-0.12098526190968183,-0.21365928371609821,0.4888956278232673,0.09052115637382362,0.5300077426638664,-0.6519398499664926,-0.3007861813692073,-1.3444251611797486,1.2632260076626807,1.1868589627309027,1.4303901684505713,-1.851793158089057,-0.3670461931549651,-0.16388554925999824,-0.2550021314823743,-0.06095954736227655,-0.6108734205864677,0.5212927819100882,0.2542815480550908,-0.08677253341886919,0.0594416749209419,-0.41202853828977215,1
-0.8216721849903803,0.6351521757120209,-0.924207966885466,0.6331234409434405,-1.179928519154723,0.03087668035600788,0.641810117764001,0.2665947311939814,-0.02263800103416219,-0.166172823287627,0.9468198457396535,-0.45758108391409924,0.5195669241206102,-0.22392921876919872,0.7363744807166679,0.5887286187072751,0.6304622071028319,0.6060428697562007,0.6944666906329323,-0.4124014074071486,-0.3164017567500542,-0.17381332987383172,-0.39174635156771864,-0.004557837345713314,-1.164670684435765,0.04169218975207931,-0.6686278648960745,-0.04296505603395542,0.022212340427618354,0.18947971387671553,-1
0.8712436837870725,0.20637836559306225,-0.27610188233527233,0.29209200008243746,-0.7617901074211274,0.049155884330096294,0.9442642251599168,1.3107665701335267,-0.26431234956069793,0.1023729050687361,0.5098595345404926,-0.6473606545855717,0.5252060404410587,-1.7585129501944012,0.9762097702305317,-1.3246560074484197,0.6023809330709496,0.4208939598710569,0.6247453624081221,-0.7294487634702136,-1.2496449284033149,-0.07045068087438765,1.010654641489788,-0.3354338685057446,-0.4576138352057212,1.306136496616329,-0.676684460273779,0.18074622678262706,-0.5852478285153729,2.4454472572280266,-1
-1.6579847902285034,0.6049232214711495,0.02949845505953144,-0.17091308756958884,0.46677820868260084,0.07539362665272215,-0.5740186174388132,-0.0232227334876488,0.11154568677295394,0.7375006881343781,-0.22776844882937847,0.5736991632821785,-0.8542141369146286,0.21155329930623734,-0.3661036295175095,1.7312177506010735,-0.14629549256055954,0.3507918021963674,0.32854254395914795,0.6266856521979083,-0.038744385128856966,0.005860450978883902,-0.04265567095339898,0.6071124849068418,-0.5332439531353356,-3.0877682187084665,0.7071214130404793,0.3036545820357026,-0.006747601817796328,-0.417097194648683,1
-0.590037862966649,0.6081728059238233,-0.8089497697693974,0.6252471962136575,-0.9416932646338826,0.10407904477866563,0.4251386117029568,0.3497501060797533,-0.021435221410667515,0.2900109742563438,0.7795264990270402,-0.31388170566592793,0.487620268523657,-1.6199738515749171,0.8391013915110944,0.7666806206379805,1.0278786995417506,0.6024042326924355,0.07582342117696665,0.16176207311401225,-0.0036868114103015426,-0.07278391427354239,-0.1727105356980788,-0.0037279618742786717,-0.5298765262781273,0.047877937493425844,-0.8749292134651193,-0.08468844670287205,0.015102789609500221,0.24348998655363457,-1
1.3620734581553728,0.4344716327632327,-0.15063621156595994,0.6856932761098329,0.09811669038086054,0.6923100190304519,0.717363518716728,0.6583968008752329,-0.0942295100888341,-0.16784810342937687,0.8999875965777673,-0.5352117484281963,0.782703611219445,0.6359545806549571,0.7215984142643892,-1.994891382022037,0.8547315341568434,0.3570065279962502,0.5473677257732459,-1.4797163799078992,-0.33614781760176915,-0.033566367686351496,0.6386800249783713,-0.13351139588288477,1.5354598330237004,-0.25485698113661764,-0.2238329927818793,-0.35784309400276393,-0.5813642903937447,-0.4109898791998314,1
-0.06506395209354641,0.08779826408964579,-0.0158219464036039,-0.5211135573226294,0.9369738582099078,-0.2631426532782841,-0.7866042062129865,-0.3449538099630186,0.17430989773311942,-1.2926523878851843,-1.1715667487020998,1.8674987030371597,-1.334936797249351,-0.1396737791280292,-1.9902836957859917,-0.029924323321921506,-1.2017695554596295,-1.5512637958575004,-1.0644929054397354,0.40519382657053354,1.735297549412969,0.3654105904051381,-0.6548712548110752,-0.6126603739320169,-0.5466078158868929,1.033913115100622,2.2676872266735857,1.1463573812465966,1.8899728164868368,1.7069606442801526,1
-0.9111677374154139,0.626578863473262,-0.826178807192194,0.7844740046824594,-0.7559663829200962,-0.08772834297837506,0.40159933736718817,0.26373417252322195,-0.03174385732330089,0.8056211911071667,0.6844776168194087,-1.1068655247461665,0.5936888463466474,-0.4248712526653787,0.520514711084475,-1.0123914094327053,0.8067347209940748,0.7121423881084047,-0.06691015536968242,0.48081769763634175,-0.05730659747217224,-0.0659445923621567,0.3817941614229668,-0.08236959802612591,0.9467180783523275,0.5453527026579498,-0.32667963011381573,-0.022387372174968282,0.04275780455527289,-0.021409627744854557,-1
-1.3942687292069715,0.6335775902582412,-0.5823705588686016,0.7280118201098421,-0.8795979151556934,0.1391082869231751,0.2364720697476777,0.3551484461614636,-0.056056693782594424,1.9005855829426508,0.3039912286484552,-0.4675873619825812,0.2809875499662205,1.177334256236855,1.049804883954864,0.8809637886607276,0.40126646432070795,0.7179457268542976,0.5185453325050444,-0.28145747031095364,-0.40950735005767275,-0.16016203435028348,0.08805380134798824,0.024247762848946034,0.1903376279080378,0.5362566255162066,-1.5191828462383623,0.0015899543342938452,0.00771406141782737,-0.37617402650501747,-1
0.8414118329787279,0.32067230994253576,-0.41147644676236284,0.7667932625536485,-0.7565198747793793,0.40070252755207414,0.45260444045697285,0.5792979380749532,0.0013132666936528324,0.6385543072837642,0.4936322177233997,-0.7709956747097589,0.5277727114366405,-2.5145837814501175,0.8844890266288763,-0.6679517056899434,0.871262286972289,0.38308826935760065,0.8018788959061938,-0.8821282736137153,-0.4231701869875202,-0.13421771670119081,-0.3880968900534474,0.19592605866601306,-0.8783187236548123,-1.0545356305441764,-2.43001686310946,0.0805625674764808,0.38610106481972384,-0.08888092222740572,-1
-0.9621443707450362,0.6309499474694784,-0.32043469102149813,0.5679868047536956,-0.019251046349744182,0.511384495694622,0.4974349457875464,0.5418623978673665,-0.060623920995362394,0.010743009392400435,0.8100092219389349,-0.3099863069086192,0.811143341513785,0.033866880327262226,0.9041807512441816,-0.18233120479782902,0.7099436122745094,0.47428612742944204,0.34440579770979135,-0.9480816202808469,-0.3840404897814932,-0.09919648453981562,0.09208580078197715,-0.08063905638353622,-0.39426698439910574,0.9664517412712942,0.14984855334434236,-0.0991470673867737,-0.0718191569328481,-0.421251831008446,-1
-0.7189897878993674,0.23245909490589697,-0.9177381468260621,0.7118203598028737,-0.44692988938659894,0.08062208538437955,0.7895164479938076,0.7180620565292446,-0.06052421587730351,0.5038876810129981,0.5919220275549851,-0.2843756841149486,0.5182172327031489,-1.9536148206246147,0.8751458566564696,1.4633423589370214,0.6196548123015443,0.5496911983842013,0.8354788742859596,0.10858345248697855,0.8859950954830004,0.09886374064878432,0.6958244117737858,0.9944417041632829,0.08991764238241318,-0.49383871154456616,1.4039864068642698,-0.3945827574345489,-0.476353651305584,1.7387436124323394,1
-1.6624429020113147,0.42699944887575336,0.5863700406618473,-0.39988394008408584,1.3451536845789929,0.5460348347259603,-1.49749616670802,0.2115077956920879,-0.03444961687148589,-0.6212426205732045,-0.7085266298034887,1.3218695322417744,-1.4272073994118353,-0.2182293759103929,-1.525085026444962,-0.6000296721824201,0.02666009211275964,0.38130611299615685,0.5399522108338727,-1.8393579739222925,0.21740819303718115,0.0132457059827253,-0.5022286497365289,-0.4216843200889867,0.37692317772628636,2.187302011435368,1.0031133539875192,0.6289300746290226,1.1646256716003964,-0.417097194648683,1
-0.9901221470268845,0.21994317721788137,-0.6864864119592652,1.0643709945353848,-0.7201544208076477,0.21537858831646806,0.6767332469219031,0.45186209471823313,-0.025816038714067017,0.386382110737879,0.6120218168007784,-0.6261167327355479,0.9277136849504315,0.23250758533536103,0.4877343820850759,-3.144823796438364,0.010830476519903263,0.6034370972646883,1.0052341884903873,-0.7216465882829182,-0.3642168102063996,-0.28520462581442274,-0.5807022702530782,0.043106235890547955,1.0430735109758407,0.5650691039889885,-1.2331188731428033,-0.14620951882702962,-0.37351691693974287,-0.04035476954537381,-1
0.5987155606901705,0.5918461542566801,-0.1446168133019835,-0.18424560415860938,-0.1433529896361524,0.12580353914876932,-1.046579104289349,0.1037625859295125,-0.013341629236570693,0.18290170626723315,-0.3541568266897518,0.17380611859018907,-0.36858200232264454,-1.0658771807783556,-0.6163624606328281,1.063653602947928,-0.28706857742637354,-0.2886620926959506,-0.26375750867368364,0.14383182746578002,0.15993988648889515,-0.006899997104642046,-0.7068225671253108,0.10598518576489181,-0.3684869070814837,-0.00636101128187006,-0.2881240175072331,0.5233859623250235,0.6947727413868077,-0.15120046762385078,1
0.9103042426317973,0.507830774012647,-0.8148053464318307,0.2964495789034615,0.7786705978706493,0.30679442454003764,0.12321420893041005,0.6672983065194719,-0.1329230940953941,0.11901727386742626,0.6427080224516581,-0.7036249664257873,0.6774866067050991,0.7698134797358019,0.260606369838274,-0.42444911990697604,1.0983502531827285,0.7639453612372683,0.725028311598062,-2.1351058419865616,0.9283841878618395,-0.007836689010105726,-0.5346043860087367,-0.2845470656855217,0.6164009555960266,-0.7870249760729118,-0.5774985703786327,-0.186217931441279,0.28900793518920914,2.583422730735756,1
-0.8915228803537736,0.3843597297819781,-0.3995746829459744,0.878552929346895,-1.0937014232611069,0.21159119218996855,0.035926581810388034,0.48953938913046113,-0.06577890799911436,1.0366732689033993,0.3052182696145679,-0.8730197395057544,0.8872161216831737,0.937895774823174,0.645513247023562,0.9821505704733424,0.45407344713510667,0.5349341357743511,0.6498192532064592,0.18732101556051,-0.22583629839548527,-0.03678938035217255,0.7591453510765778,-0.21316277982917758,0.9622061407266824,0.23917812022019844,-1.1768261500692712,0.04394484188871763,0.039253476138571226,-0.417097194648683,1
1.2654949243931624,0.03667570676715911,-0.30249823135585246,-0.27808327317406034,1.1142599561498496,1.276004377105087,-1.3450996685260865,0.20392160422792985,0.1066347401367699,-0.7826056454827205,-0.11219130898880281,0.6170084468179847,-0.1652537651270559,-1.5570547179330723,-1.0874450199286998,-0.2020352532926325,0.954723783335015,0.9254970620052941,1.5708200075809553,-1.2924403525628936,0.6467257198509456,0.031666626978944706,-0.6758863434732421,-0.0010216081068942378,0.18946622103054495,-1.2803902022646385,-0.08926206641714961,0.320957221587696,-0.36666511112676786,-0.421251831008446,1
-1.2533590651932545,-3.764653751486974,3.096077879169543,-3.4342177419698383,1.226824626951179,-3.7341640227891624,-2.1933227149704346,-2.3798046809843987,3.0712641946663797,-1.054488427756072,-1.1940865166724945,1.0914897258907248,-0.8241422993806897,0.7286689524625419,-0.7553337873669808,-0.004383066074304659,-1.17530734257549,-1.5200588257117793,-1.5174091244216985,0.5138998244137348,1.2552631529412006,0.5033168553594911,-1.4484625469138326,-0.8775969336381773,0.4111890480957663,2.4499821962874315,-0.5251949321537795,1.3185847077120196,0.9669497649567548,-0.005829741395743294,1
-1.2931279221716971,-2.601398626433667,2.3280873245777878,-2.598334113112918,1.1517013213147584,-2.737590352138964,-1.9617394372731374,-1.889576367276986,2.23457461480121,-1.1619699764587166,-1.3472486376851158,1.5172805917798944,-1.1961417693213705,0.013813743604770178,-1.2872923407590435,0.09203653733092174,-1.524464330760067,-1.781962729100721,-1.5954407164893554,0.846438256668332,1.1695905616620819,0.4881525629072124,-1.0001179268453224,-0.5759494833063968,0.34713798689270675,1.633973984457648,-0.5506976247160934,1.5343720204925004,1.1412774145774844,-0.005829741395743294,1
1.39921744557945,-0.8678560945220875,-2.4339140438342985,-0.1594772981335369,0.43887122445826926,1.798732760968822,-3.2396941483060595,-0.47906636463063296,0.2242146702554108,0.28832667201584167,-0.2435597621472366,0.2007075001503768,-0.02142350246235106,-1.816226171868743,-0.47427557685006694,-0.8403409482530835,0.1693008556676794,0.2512535411595862,0.6997527532100027,-0.16616703991530815,2.4202404174086154,0.2957155099214784,-0.8097672716129404,-0.20656812612786218,-1.0120825795787343,0.1421202750117483,0.7866864745324101,0.5994180962856401,-2.9750126939141976,-0.2758395584167409,1
1.0269859440127596,0.777773333867886,-0.5265378116645751,0.386415201194277,-0.6392592958909361,0.39772964275965933,0.07153942562702564,0.49633906336950995,-0.09779737311538009,0.6664591298697472,0.6712138854971553,-0.4264267388533601,0.9530406014150542,0.4428013944270778,0.834894907312638,-0.5880301118656164,0.6484707079357835,0.46587934829682565,0.32626477697489226,0.11214652174976307,-0.36807715624080733,-0.19765683708088072,-0.4961832977072213,0.25232519575158696,-0.5567279324819195,-0.4807300628466858,0.36057390315525045,-0.1422247016650859,-0.22357080650586325,-0.3631284683353616,-1
-1.5260538466745606,-0.30215974800801404,1.6464831385932084,-1.7683152268747337,2.468859166168164,-0.5527255422503526,-1.4386966286273657,-1.2328700353446886,0.8524515923202676,-1.8547776830978555,-1.9166886750885168,3.329131281186131,-2.9034529998758076,0.30077393954487713,-3.0223863619627562,-0.3472684224675669,-2.362132714683123,-1.7580040933545127,-1.6013843094426672,0.6905011852893483,1.0503230439636722,0.5741339523986985,0.21515636236120708,0.4228406726704324,-2.0344717818012463,-0.831977415575693,1.2691795873902771,1.480084237928079,1.6624114531665237,-0.417097194648683,1
-1.8093939324596824,-0.1077601810363407,-1.3152169646806446,0.7409909138027011,-0.003860947089164109,0.6824931800268793,-0.191799627567385,0.5333549613741134,-0.07861526492879707,0.4471010360485677,0.4436380177137054,-0.8518238339278904,0.581109821404118,0.7132337621602849,0.3915035625905228,2.0555243057662174,0.8081356150232781,0.6695659604726347,1.20927803958494,-0.04773088212980629,1.6718811041381174,0.11661835680849295,0.36365607569374697,1.1558711915841935,-0.39083580779093924,0.37625276667659113,-0.36656934097414173,-0.3150438998390751,0.03019241409479517,1.776550803306183,1
-1.293607065026859,-2.4828591527527153,2.255644788072327,-2.5135129992282383,1.142686414143186,-2.6362827287838555,-1.940131346688817,-1.841794763883044,2.1512395146023273,-1.1728422593497423,-1.3622087968519863,1.5596467823483813,-1.2334285362857276,-0.05917031839939662,-1.3406193507559372,0.10002096233625143,-1.5600075790669448,-1.8081123956727243,-1.603190465981084,0.8803268017622777,1.1605330961220923,0.4867781420578911,-0.9532444400765082,-0.5374165459467857,0.3392128075227147,1.5555867940231234,-0.5518117816467473,1.5567708098595023,1.1595197039937284,-0.005829741395743294,1
-0.546206707868355,-0.057379194069517574,-0.3139700967023508,0.35516105253098357,-0.2457858198367411,0.09988004701407989,0.3409330440172172,0.2366651443326443,-0.11418668511923169,0.5192128279498534,0.12863111981004963,-0.019018962644366123,-0.1335888200241078,0.7539808082435849,-0.6011662860115485,1.49010934581074,-0.3354840079718331,-0.24129602544744586,-0.3415194211953745,0.9715760348741698,-0.31908630972823665,-0.0020734265786114653,0.5093202902174571,0.16667180772032855,-0.7692239966634222,-0.3047705860095627,2.4104384067456666,-1.1873528609332087,1.8950386108300636,0.00044375950749886255,1
-0.15099718155194117,0.6089217751691592,-0.6435786148069208,0.7304309354823925,-0.6047021074017896,0.06961078222467966,0.13871414992491174,0.38492091790683924,-0.06299148772999838,0.9576001887008184,0.5602875380861481,-0.9227387223867222,0.7280350716039273,-0.020418030325975632,0.6924657807927289,0.7812661519902155,0.7278561802455075,0.5300590739127755,0.4637311372267242,-0.34577200306236855,-0.12353514463163505,-0.0704244210427561,0.24688932499758018,-0.06402301472995396,1.0291828414058082,0.2131703330982234,2.242839764071888,-0.1257377533384423,0.018276804668000322,-0.009942831391908647,-1
-0.4737728075466972,0.6148334526147028,-0.24124220128320434,0.5282737860404068,0.13594988004795916,0.463918957415161,0.2327612405531826,0.4866090294155454,-0.03016863505240013,0.15261248523841683,0.5824469255058261,0.06165115634000127,0.6298248326519695,-1.057245456810279,0.3514119601589179,0.4431913630154206,1.010274136453441,0.823459927041031,0.9184766983906941,-1.5505057179677377,-0.3783066164836666,-0.11667735635789903,-0.04501259151196321,-0.021560869787495652,0.09485319081803419,0.556808362718883,0.09086094356938108,-0.04785749916582713,0.095420665372225,-0.421251831008446,1
0.6362970263733085,0.7801717618999707,-0.5107470773961634,0.354471409036744,-0.5960967025521372,0.37499390651321607,-0.23017732914157735,0.5252525048523432,-0.11050670790932675,0.7689585537628293,0.6538878211386282,-0.41138256020836234,0.8304956151885795,-1.055750737564751,0.936879765261629,-0.5490056519497513,0.5138462194351187,0.506548777726534,0.4746294739681116,0.07630440705276662,-0.5141305666251791,-0.13333535340169173,-0.03785302293639623,0.15329999939651268,0.2332667433478046,0.07657426048648192,-0.8979375110678465,-0.10894770021273902,-0.22381226401630255,-0.417097194648683,-1
-1.196924369774396,0.3299106138897565,-0.3043910819047707,0.7136331900393234,-0.9178201204545132,0.5888485808484831,0.2969447097519114,0.5799781107010166,-0.038953276406386905,0.3213257301209768,0.4694309234728293,-0.6255064181957919,0.6793530495263498,-0.2704770781771466,0.7172460070755586,-0.06702511952413885,0.9535633749373396,0.4210908760592167,0.8091352723898851,-0.25223743812929555,-0.2529106779864325,-0.17883768174089626,-0.6084653878550089,-0.06670173232258766,-1.5041788407661498,-0.552471233496274,-0.15536028244543476,-0.010483353246413023,0.25683736378305183,-0.3815335074091117,-1
-1.2201940466968269,-4.927798392691343,3.8643734870017377,-4.270117445442442,1.3018740667681294,-4.7309493723301665,-2.4245316528040157,-2.869939701780151,3.9079006995532484,-0.9469768924935493,-1.0409060111226518,0.665729400978139,-0.4521532702180457,1.4435168478737856,-0.22340236045009979,-0.1007434414114778,-0.8261098598342295,-1.2581644974251465,-1.439456588900998,0.18144075776978327,1.3396198290154175,0.5183161650844468,-1.8967495351254662,-1.1802118775686479,0.4754294804065965,3.2657176102435845,-0.4996168062123094,1.1033207227702555,0.7920752140134828,-0.005829741395743294,1
-1.1247821216254454,0.2851568490815725,-0.19659870457056713,0.7138397472304218,-0.3521518964502314,0.3517230917525902,0.7328661346061244,0.5122043555268311,0.08147673604963145,0.31121750004090737,0.5897893470385712,-0.525390653042931,0.7888591981754784,-0.7952161536921594,0.8944879968481718,-0.3699306847068755,0.3955379862656388,0.6482245694070619,0.5199138383156768,0.6369838011595846,-0.17912219150462586,-0.09879116814325033,0.2059761228735906,-0.0433992026021951,-0.4194228912750768,-0.14625573643676332,-0.5155252290873757,0.19945837085376927,0.25108915784867086,-0.27052162387624423,-1
0.1360093886900721,-0.7572869245874371,0.9068780216184394,-0.993570908036476,2.079684784489225,-1.4694544861018697,-0.8759502004109657,-1.2167339074456014,0.7763675915518401,-1.6909727087663273,-1.7648871299218736,1.854546141966496,-2.9940968962019086,-0.01844465546993885,-1.597264926792786,-1.9288026663536684,-2.9756412501758365,-3.2101338478932653,-3.3627823210846395,1.3246679025717931,-0.2959036193910659,0.550495785496664,-0.2870570264995711,0.3726786535816166,1.368476510446476,-1.2180178145001512,-0.5805370865907328,1.0335631767228666,0.4149462616782344,0.44976768181586774,1
-0.16939210073055028,0.03423911654126338,-0.0718662347891096,0.46049845248272914,-1.158167140561167,0.93338229490282,2.312995558541509,0.5788094761526403,0.04212022586677643,0.6195251995772777,0.8953442447935663,-0.7302501559899115,0.6034951710889698,-0.04659371541410346,0.7353350753784831,1.03119270992498,0.6302000355874126,0.4288919083914223,0.5041311248913102,0.10115583594460514,0.02027341872084568,-0.17275114254775287,-0.2979290647284062,-0.20903048894862278,2.0077021964677964,1.0450330323320707,0.577324908394319,-0.9804864535641075,-0.49255370279267224,-0.2742192502364333,-1
-0.6999698997792427,0.13653929988862645,-0.16274486357326196,0.40798404559955875,-0.019436563942998183,-0.21439615201929502,-0.09200947843184232,0.09253703214870848,0.10456632553210268,0.01963074474671216,0.041636436559510596,-0.2836176313062545,-0.25190606437979446,-1.0907630633602403,0.12277397486428471,2.049010380880039,-0.33750778839339407,-0.36182126176568735,-0.192312889516088,1.4347474410605248,-0.14394059452234662,0.12269883276911928,0.6096221758583434,0.296946607839766,0.8555934958051624,-0.453834754152402,1.620288221903214,0.29948935216789024,0.2115397738931423,0.045937027646903765,1
-0.8713363835428198,0.6010890788254233,-0.47972239035985487,0.5172317033077795,-0.24822390598281843,0.41191346563423914,0.5247687318782716,0.47963677704110913,-0.035933465185781506,0.8073289717890867,0.45347007667699135,-1.0554977495432243,0.5673136544766445,-0.9759983439660102,0.4576991574080058,0.4504547418430147,0.6965179651525558,0.7583467624301259,0.5301925073809068,-0.5180632938971472,-0.20828745030115914,-0.22987294386919668,-0.8393255549201473,-0.08311152097339185,-1.5757531263755566,0.6404029915450603,-1.0119592224769638,-0.029157283108915716,0.09888890792433237,0.019098076762834728,1
-1.0821800721121322,0.6144791170389894,-0.6823417407361907,0.7111754798026749,-0.6011266415494901,0.10242040305787004,0.5468343868151277,0.3442815665674773,-0.005214343264860222,1.0884042121514423,0.5779672180070179,-0.6434453218699153,0.7617212514321186,-1.411638694104614,0.7127014434922149,-1.1574101830628554,0.6367906722121263,0.5624388999431612,0.6345129454797347,0.3471646410811958,-0.26694035033413616,-0.09507308732406783,0.233018999698567,-0.13565310371860895,0.32527638364778005,0.505549557851403,2.4720420458640966,-0.12600884920127697,-0.0514135694228639,-0.15722469034550715,-1
-1.4897223188744537,-0.3878199353475402,0.2642534490857867,0.32671065471233546,0.06337468222824172,0.16766690839847512,-0.1781506058402406,0.21772896184394844,-0.7115153560547571,1.3694592952445066,0.8563182738930618,0.49018635697985297,-0.7159412356887742,1.1142250182126403,0.056187380966185856,1.0634829608704244,-0.7812581339635509,-0.3091443178213045,-0.48393005855174337,1.3059825140508332,-0.6423716112551835,0.5694757297221047,-0.17808790844247385,-0.4297652638802576,1.3151484624625442,-0.5742441914154991,-1.3443729157585909,-3.805366885745621,-1.6484231355709422,-0.3739305228707454,1
-0.5831215400138764,-0.09801259901213419,-1.2436140258379695,0.7841588821947447,-0.2513826397476966,0.8332736303963348,-0.7095542302456183,0.36112385933489183,-0.004425767852537092,0.8109709885772772,0.3582230923798732,-1.0923463934720368,0.6396844162896075,-0.8969136780041526,0.4813374914132955,-0.8606946956802163,0.6464655628222536,0.6913063623008867,0.7383421350666729,-0.8314080687466832,0.7707197146822236,0.02194632261898111,0.02205694062370416,0.7784168344858594,0.5791029484047301,0.2158378325947599,-1.072216603628731,-0.08714837651863655,0.53860537566491,0.6368509570959957,-1
-0.34569583913210056,0.27918198099801567,-0.3083462084518428,0.7078841815325865,-0.5015890774501196,0.599330458505986,0.06478592878663525,0.6312694505816402,-0.15761198369301152,0.38637237881016406,0.6651454358687965,0.0584324033551082,0.5999650064253866,-1.2667185606364673,0.5175230204141916,1.0786532786000818,0.52748380085407,0.7548582055496992,0.6924822163048489,0.30963138974616783,-0.30521613232373107,-0.13658710058309798,0.20837106609010778,0.023516106080278338,0.35597284692324416,-0.7087752382878862,0.7017947050619296,-0.5895574388375877,-0.7556571681322183,-0.4180943073750261,-1
1.4026339424597352,0.3064582016376608,0.7257516409915589,-0.4892500397082923,1.4889907218225436,0.583026772301089,-0.6529632647004672,0.10052268771090653,0.13217769417674055,-1.5301653095788585,-0.5768242211438581,1.3645139404249005,-0.624687303447078,0.6541453114920797,-1.899983667094124,0.4722515819605148,-0.03504430375592155,0.2147353217543629,0.7855356204543898,0.606945736078741,0.5631263849258459,0.083626332295257,-0.26461344149299426,-0.20903409923300748,-1.891786563341212,-0.15295852561300885,1.0986453165407353,0.6525346022447313,0.8634965749713074,-0.4180527610114285,1
-0.9343957497417437,-0.24784127381907808,0.3875540804986269,-0.28347903939594327,1.1793040256772696,1.0140984792742582,-1.0941317750376742,0.20539146278010142,-0.5849490900206585,-1.1078055158101774,-0.3590331753879061,0.7614841852629738,-0.4814864149970158,-0.8433887565372095,-1.5705044269870883,0.5726678047545053,0.2869505114828417,0.7089041913629582,0.653660249485984,-1.4394685810570813,-0.1733288774376336,-0.5580262198942243,0.5994534055947806,0.39419426904999055,-0.32598249894880144,0.940134827002967,1.1052406311307452,0.6323308972572544,-0.5368084943968447,-0.417097194648683,1
-0.6358272540816918,0.42847083043264184,0.1335923966350935,-0.08539338457591258,0.3570089720578916,0.2247974311318278,-0.3227438089601066,-0.011183452189670881,0.08415697108829186,-0.11806392830528743,-0.662656931286661,0.4638759174043645,-0.4050557324139338,0.3637517372353862,-1.3817343294531836,0.317424347437802,-0.412021468617736,-0.1602815820691001,-0.25427153114348455,-0.2117585343136741,0.30936499376559795,-0.0141235018424154,-0.6378539755725254,-0.19575409843391972,-1.442876110684006,1.3651414966178772,-0.5211283284304273,0.7613430316035086,1.0622022092063736,-0.417097194648683,1
0.17148679227010755,-2.4320434196044993,2.5353510493694196,-2.5011229674541653,2.5099918892420225,-2.5378304523923085,-0.270299236495756,-3.364719163536931,-1.2131764727549825,-2.7432269145426407,-2.887294325944859,1.2894125675211943,-2.23916638740246,-0.386072185307608,-0.8140918029518098,-2.365130386853125,-1.9022999000387446,-2.3649078578913945,-2.6103418454792338,-0.1394961018838782,1.6752110440596735,-1.812756284473862,0.9489974781589663,1.1698611934067389,0.7765759087897626,-3.290708924593825,-1.736393402809573,-2.8836310892209305,-1.1532316398800613,-0.4144797737420323,1
-0.9801851408567865,0.6286651060643843,0.24931951260259322,-0.058980532527138176,0.761515596490983,1.049115113320521,-0.7313357190769993,0.7666057851776934,-0.14662787521212134,-0.47497347634446807,0.18440358168551285,-0.04417831739295867,0.16816637591413985,-1.429737928290155,-0.7833211790675428,0.5051308001289156,1.3010427153680642,1.6439740736495896,1.569772142062916,-2.6108562415689,-0.2761177027535327,-0.17495669802280475,-0.3573628336651546,-0.4132799365747466,-0.9415180923731585,1.9587605721452748,1.0851474136552575,-0.06415129635164137,0.32698379125347005,-0.417097194648683,1
-0.5761843847630532,0.4826444620545219,-0.15683715488208336,0.25911539395307975,0.036430689256433654,0.01514702345016539,-0.4017740495441511,0.07539056929281361,0.057518322884609036,0.08537526011459529,-0.07289988844405816,0.5700304873849233,-0.15156042698967462,-1.9422453230175791,-0.19776695807047054,0.6242408238187673,-0.060273723364731746,-0.2760582538174545,0.1798326176121033,-0.09209491312111541,-0.02204637666634802,0.08016395023329706,0.1431870243790079,-0.12093817657410366,0.7022318739598326,1.0223451427023273,-0.5461709600561002,0.48061441746063327,0.6598872325549594,-0.395202261032732,1
0.14655053150363517,-4.210345403921911,3.8080914454898815,-4.1259168373019355,2.0303865835737946,-3.7590279043522967,-0.284855881129818,-4.650066379918831,-2.3367061148521646,-3.4420250898443094,-4.154528207168118,0.8769027302485329,-1.5856634442541568,-0.5951387849301291,-0.08431832867158941,-2.3727397433999857,-1.3488839667644341,-1.5084289659050465,-1.7970567413191747,-0.735367010014309,2.311632599606822,-3.159158576109273,2.8740302077365865,0.7610253790377085,0.6055666126549428,-1.14892542918438,-2.088205471465371,-7.009320602335521,-3.2003103199601632,-0.417097194648683,1
0.3196460960054054,-0.44912249953342515,0.8667157772844649,-0.8467331777826856,1.8851958043669863,-0.4237851599424035,-0.6270300405133652,-0.690010095314981,0.6162200572167114,-1.0781028495894411,-0.8551221208847669,1.853309761452112,-1.5149376791605973,2.662652308081838,-1.4050376711191934,-0.22197736736585333,-0.8816238286104501,-0.8737066065304324,-0.350709144522115,0.9838911995216121,-0.1342746717144441,0.3001845969316926,0.20797725597484656,0.26515890734049014,-0.8534062562789149,-0.3046264166246207,0.7908232411720184,-0.45785929713235834,-2.1509008910823737,-0.421251831008446,1
1.2424127381531862,0.7724187971070143,-0.5115901737644978,0.4140501393588082,-0.5606606315349727,0.3425833427318838,0.12781177754007705,0.41832116817545983,-0.07247805828119998,0.9447459153511002,0.50962266671997,-0.8703103144027291,0.7427703886167912,0.447806265906289,0.4489727091765062,0.702413402662218,0.865830002126283,0.6364068924958833,0.5434014401804378,-0.4498609541391482,-0.29047626796873005,-0.22831181196665803,-0.7362851814762343,0.36948109249874406,1.1264772675297952,-0.9154738900514119,0.1216510004028059,-0.09371298258241285,-0.0648748647985178,-0.3256951947338969,-1
-0.6576178378425357,-0.6263840152595225,-1.516821423754317,0.5704614249994923,-0.18035611104886462,1.1565487923011963,-0.9134874889485373,0.16714741563525204,-0.6104784853959191,0.9373348502169359,0.6136536732806196,-0.7583376034898902,0.5142824181150784,-1.7240777203903506,0.574777549430635,1.4383618616517195,0.9587692999440203,0.6590778468579623,0.4701204128619734,-1.2712741497263254,-3.9429582196318638,0.26966082290168686,-0.8212193553662286,-0.5524114244050136,0.39682383291918544,-0.35037785378880887,-1.0522248603700908,1.621565527380142,-0.30231681649644637,0.8746207959652326,1
-1.42987112657531,-2.272629383322905,1.4555533362921558,-2.3902175307104447,2.7257497911244717,-1.2216227739642302,-0.794431456117187,-1.9724314497197766,-0.20837221427833022,-2.474156220295566,-2.427070021105358,2.9715010546812484,-2.5291423828231387,0.39917605865565936,-2.371697701666632,-0.3060662624032766,-1.7883712587407075,-1.5318198443432933,-1.5373057385005766,0.21178811928660563,0.778956588204813,-0.963984361040514,0.6059615080365631,-0.26154004953383425,-1.640238144080382,1.4482933387115162,1.6505049197369912,2.0871233531876077,-2.8517220593814616,-0.417097194648683,1
0.2978971768406626,0.3182960118586385,-0.5131837507098408,0.5917812805361259,-1.0627397878015254,0.47690938807343275,0.11686189958784682,0.5538153208111373,-0.13428746447194184,0.6213461142556193,0.6485576490067857,-0.2893812811994001,0.23092793832783967,2.008731521813768,1.100294185265828,-1.4371031314491853,0.14901520032959464,0.5839355264778218,1.4285805298250767,-1.038636776568984,-0.9563852564737286,-0.1333683439192361,0.6374888724113794,-0.24371766562477426,-0.6148185187827757,-0.8331589401693361,-0.5007665691604175,-0.023851624701208426,0.41550971204869785,-0.0616265077073604,-1
1.4211955200227484,0.7546216252185961,-0.14667331194026823,0.20832465237689932,0.5940684474644617,0.6814270864864771,-0.07122107054099612,0.5975581545387773,-0.09790069391292973,-0.0739211156669648,0.6801312232718366,-0.1846540291410026,0.6289197112747427,-0.6453754095786947,0.16457384523873195,-1.6744603720983078,1.073752043868192,0.8912720681944613,0.9863364177282669,-1.5126150434228678,-0.42647425511339737,-0.16646576500632318,-0.2970109591322709,0.058413276173040214,-0.2974435307955595,0.2133800326853264,-0.06727407621327794,-0.09914279209059038,-0.042284883402556914,-0.3919200983085192,1
-0.45598202501155316,-0.13175716677699023,0.0976807271811789,0.7270312519320794,-0.7758342558144928,0.05717986817414618,0.39025664783042935,0.37818818662447184,0.14876151779691174,1.1550643387303903,0.8644062957680532,-1.2316229176577906,0.6910640538871669,-0.15934516341176233,0.6513346835036481,0.25542046649085404,0.6799053127305729,0.5584390779956593,0.5323495438704235,-0.09670508773322652,0.28485087977426204,-0.21351808469666755,-0.1531817370029104,-0.17653035827315391,-0.0627380509935449,0.6970640039074298,0.5471004294289693,-0.6402921945646108,-1.7937942863237726,-0.4014342155723765,-1
-0.9236879485437764,-0.3495549577634467,-0.06263024676004465,-0.5078656205424991,0.7974618474118038,-0.8027358007946638,0.421991867679155,-0.08074990103357703,0.21470572967923815,-0.8178983188573227,-1.0517358986429612,1.543202724628384,-1.3847105426768636,-1.4627811716678263,-1.5337983703591325,0.33245542177766035,-1.6628389879064018,-1.6932408574927498,-1.4181368148473874,1.8156401004421263,-0.7294122111378453,0.1293713809281769,0.40680410339027484,1.0345851755255269,-0.8292767678362989,0.5387955585150621,-0.0816657091961944,2.1226651965553227,0.13814249743084087,2.2709525301179805,1
-0.9892888551048638,0.599320476597291,-0.9228074232700851,0.5737600879361039,-1.517027429940265,0.020373907483056303,0.025056110921506836,0.4017540925985834,-0.09666657242123664,0.8887026109920361,0.4633028904093514,-0.3331103437292972,1.0560127931970682,1.0650274600941176,0.7425636158630249,0.5907493809009301,-0.05436530419320719,0.5622118293668584,1.3124990882458165,0.3444193965560081,-0.23254776475323835,-0.17974270768416098,-0.20437265051709694,-0.22059457476264982,0.1921926672391676,0.8347381150508125,-1.6447807048265883,-0.006533533897430316,0.07504194439017757,0.4760665299731675,-1
-0.9428953273463558,0.2523008148902982,-0.1862712946574988,0.6750180650949256,-0.8113827786738721,0.26175232783349106,0.34970972958835717,0.6310360555907992,-0.05142725884883632,0.21060105013819308,0.4965397423600255,-1.043173152270818,0.7770871764404437,1.6347334828590272,0.7796090638438111,1.1452891029172299,0.6766856708757458,0.52695929227249,0.38272302993154866,0.7403152921870422,-0.22361713398028596,-0.1637637542339128,-0.39841617753958414,-0.04968919344278048,-0.5249239154586417,-0.22765089939472807,1.8744262401836294,-0.35589645555408994,-0.0845585609402516,0.11752141212562034,-1
1.657329618425392,0.7920604390791264,-0.689661205913012,0.38596840109826597,-0.939911748662735,0.22567837175020927,0.23202020116850136,0.30181862467507237,-0.04187902952919809,0.5021172621242519,0.6779557667681221,-0.22503150317505133,0.6183456554802637,-0.2726616180496496,0.36321844997253866,-0.1886662768472721,1.147286821763964,0.7686933805585082,0.5070922977597236,0.0651576773913781,-0.18897162275187,-0.01328133763235272,0.6926251031640845,0.13961180833288636,1.219019975567036,-0.33688110062159876,-0.34836044783476705,-0.054408412485250524,-0.09144910331766291,-0.3383668356311741,1
0.08499109076434874,-0.2667997468796262,0.2589668415875975,-0.42802673271682834,0.04089142739812531,0.0625735810378954,-0.7950987370933646,-0.05089496794748733,-0.2012920794837555,0.8900777778312247,-0.3930296101428001,1.0562845702263635,-1.1906004812375575,1.512966474837744,-1.069496708715886,0.39660730611794043,-0.6922981834897187,-0.5084902761389174,-0.294906564228129,-0.13537693009245222,-0.8259174273342081,0.3770773367658238,0.23415154175157918,0.4927730742078293,1.3346279960575647,-0.4903997454923985,-0.9162870860847294,-1.3901538462417442,3.219662471172599,-0.20234404121253335,1
1.4605893956362817,0.3886797563431262,-0.2182300198881019,0.43166572726166524,-0.9244712659224017,0.5378949802173835,0.28427484085648347,0.5542371944645683,0.029892796891804917,0.47095716401109766,0.5592333556412576,-0.7726874348524937,0.6574751526608963,-1.064730109057679,0.9954953793474249,-0.007903837315171098,0.6585607313998793,0.44673639674233945,0.9477453326799098,0.1954523181537593,-0.3671285423049329,0.025211615046065835,0.9670474591461952,-0.07931891658320785,0.31238479364019234,-1.1484392546902125,-0.5385564192549772,0.277387926409615,0.5335651199773751,-0.41755420464825693,-1
-0.8113601974553729,-0.06347045146609552,-0.8739015726410997,0.732071802560234,-0.11680059996302677,0.34802060403452517,0.1396983468369565,0.608198007425293,-0.13441300759995617,0.819480079381997,0.6729206906595642,-1.0842334326738996,0.5200674965454682,-1.4223391115545736,0.7248659122444017,0.41173718784084606,0.4324793071848101,0.6240934671348771,0.5097338046695906,0.8571487121585692,-1.4633862581181916,-0.25013473699154914,0.36742537544841264,0.6631200028613057,0.9028978420679816,0.32345808715254587,-0.3959179357589125,-0.01587278713966823,0.7927835722449971,0.44532222091092133,1
-0.5575186457097874,0.2970753598266343,-0.2877241259601347,0.8283380836655677,-0.7042090662506147,0.4862664481750711,0.8085861221942501,0.5638277794485014,0.006383771101689169,0.46944388592323927,0.4921931382679475,-0.2840414936593152,0.9333835173833712,-0.17174071375569508,0.7564523269381551,-1.0430525118404779,0.4595835481839971,0.5620243091342263,0.12799731514728516,-1.0540801627068153,-0.46577768241806083,-0.11771411693661585,0.06661075804001713,-0.0002237383178512981,-0.4095966169816582,-0.6762547054596554,-1.5721984968858989,-0.023409458680625248,0.27913636183800056,-0.3814504146819164,-1
-0.395193379300136,0.6414965373735063,-0.635305256527876,0.7408990556895394,-0.4326839014515452,0.038181634655423104,0.21220847093142106,0.3618398887306463,-0.06452391354466853,0.519266140207996,0.7412526097363316,-1.0752521531011288,0.750429040146525,-0.12328844678458427,0.6456895475571471,-1.0282881192572864,-0.006247017837027329,0.6637372597348794,0.840072715988204,-0.8654574085935194,-0.7420377389720304,-0.2696151044885451,-0.4271442147097201,0.033227426280313915,1.4126232476218117,0.7470382307553086,-0.7381598126447619,0.003478402951086341,0.029392193580250647,-0.33986250472068874,1
-1.096679351555294,-0.0018754264575601151,0.1832836031013082,0.12945723909352536,-0.3120954081722454,-0.04117007978073612,-0.40367730226458337,0.11707008809039188,-0.5184587378802359,0.4378211599758468,-0.176428546712501,0.6936102153084623,-0.8614198659146521,-1.0766143065658733,-1.3049615779868993,0.9757303267188238,-0.7513346963581784,-0.9772410671259102,-0.7906604857875684,-0.13303001570100528,0.2400744122662698,0.5036858508250632,-0.6377558303285928,0.07678915862867648,0.33147576053685235,-0.12925974797477474,0.4468953142835276,-0.3302034225949314,-1.8204706418153256,0.09932410486985833,1
0.5351770516360848,0.7951680791864723,-0.4948466598530858,0.28829803170835244,-0.7625766555552045,0.5667695574292327,0.41745379652987324,0.5010963627782637,-0.0964480221716348,0.7155141427235147,0.6313551427712437,-0.6013864439699492,0.9778832987378808,1.4456794796153845,0.8269238796640124,0.17324046714255703,0.6623035709791057,0.3630974772633291,0.8132766652965974,0.10541876793215459,-0.31271636939790703,-0.021188353314916353,0.786851086396757,-0.09083082046093581,-0.29041898186683207,0.7054599295028445,-0.9300810359354268,-0.06700544824709288,-0.20761460394724124,-0.417097194648683,-1
-0.46121093182223366,0.6325448677527918,-0.16526552503556355,0.34121169675628377,-0.1924526280519641,0.5659221112867915,-0.46910583213477747,0.5946623455924231,-0.1173964837721613,0.36845428946356357,0.28141785819898,-0.23283935280858528,0.6152124113770925,-0.23276995714901408,0.04704971529545834,1.361263486529147,0.8041463649902428,1.0882356648528118,0.8204781647424042,-1.3416527938896436,-0.2999494254918439,-0.1701005348520551,-0.2793328547182662,-0.09041384996633375,0.27420240178238253,1.0621999771429085,-0.6580448682709235,-0.020034224524003875,0.17471191129301086,-0.417097194648683,-1
-0.23643043585712348,-0.47522387530486987,0.43802947469309605,-0.3462658379026539,0.5730260632505972,-0.5750495397466852,-0.7196947574352691,-0.42003218113667,0.41597366305599653,-0.6694113868168166,-0.730046420696202,0.6209912024014426,-0.8716309271711328,0.3840957673466245,-1.049679952241617,1.4053562732108198,-1.1083704286521625,-1.1939027276874408,-0.9750418201871919,1.127266504152129,0.0647631900220567,0.27990792469856435,0.10024352732546234,-0.251349158662587,0.3969020363752553,0.44361907928472744,-0.4408003430650183,0.0961049752847344,1.5159691672075675,-0.00620365866812192,1
0.7343129887010049,0.32521261561459447,-0.13083549950988027,0.3564029729431825,-1.125501319299166,0.6863863925642127,-0.3053859864179009,0.7207655789656936,-0.09791762938501918,0.3413099510558676,0.41916874595887127,-1.124701910542714,0.8248325737510063,1.0196885255335817,0.9135692972869244,-0.30707052070297597,0.4520509486005627,0.47390433190714915,0.38950334360630073,-0.4776343645823087,-0.5054642009706177,0.017719235978045478,0.828542071336311,-0.1429970492545522,1.1076135442853747,-0.16247086863494267,-1.3276843374952132,-0.27186114736551353,0.33301035949481245,-0.3950776219419391,-1
-0.8268594272049598,0.17414439435582102,-0.04601420012320269,0.6431468263669318,-0.7764625739440437,0.2958050513658807,0.14371717146095164,0.500532680955354,0.09458630555303564,0.2927914767709809,0.5124496691678025,-1.1818373379309863,0.7491446021140504,0.8939993380431513,0.8709239823068258,0.8338883243007389,0.7958363046324389,0.50368242347962,0.46206063818012294,-0.016603773770555476,-0.13652715032110974,-0.18595471303864156,-0.5913435116389739,-0.004869221074937088,-0.6921759331402383,-0.05725294836568689,0.20636975841287392,0.0954537603180695,0.15912944838726306,-0.31156943111070273,-1
0.49317913876623654,0.42021317748732273,-0.1417753231904489,0.4318452959443359,-0.8234274943235524,0.7631275538811986,-0.2524208131041073,0.7581120606798641,-0.1866812585802904,0.8188476800971889,0.2801092133698515,-0.7411128552945521,0.1764908112598111,2.5693376612483516,0.8611119418244443,-1.0107120594610384,0.4463522230554285,0.8018389064017126,0.6883572183164348,0.13589810977190597,-0.20761540306595966,-0.11588259454352852,0.37559802980389934,-0.3420905329491663,-1.1522938670438938,0.21553655316115083,0.4895052648940525,0.026052207915953,0.3691365361267646,-0.32984983109365995,-1
-1.0170583084062068,0.2620219073607692,-0.027918480833783222,0.7063515151048171,-0.4057555231837538,0.26298070348961666,0.08418989843698249,0.4737182487251843,-0.16920445325636804,0.22661563184908529,0.5932615198266176,-0.7336949338408871,0.7975773683634578,1.1647301430130772,0.7188516218824207,1.708479381547707,0.5595629070236485,0.7009793851081818,0.498123692424107,0.9611538705065104,-0.1436616044375515,0.09920932629077955,-0.5553390800307312,0.16937745594111991,0.8100070587097185,-0.86703892689444,0.5333408443232448,0.08877803794679662,0.33198120506006024,-0.38390165013417665,-1
1.1247935833599507,-0.6875201736159952,-1.1100810986386667,-0.18735802254948847,0.010407173926677197,0.18202280306057186,0.17976905373723095,-0.1914485894417195,0.379488121750739,-0.2787158556913992,-0.4882816689037325,0.34874255365649925,-0.19688450780716332,-0.33854313784602974,0.002591277458839027,0.465836824786049,-0.8568730632509588,-0.7519309397014907,-0.9295062491723087,0.30363600424077514,-0.05428021108438659,0.3474201649568893,1.020219600409839,-1.2005314549247517,-2.5282990128258502,-0.402674703526736,0.1750226664853441,0.7958107841947308,-1.6002153064012683,0.3916443191427833,1
-0.28007410027296276,0.5977619116471362,-0.807947922423434,0.5641703174532054,-0.9126902197127761,0.1598594560839567,0.15258001393696854,0.4477212674972665,-0.11229108056467244,0.209899477534575,0.7273462863014214,-1.0012978178594198,0.5790855805627066,0.9518980784332582,0.6970562909712023,0.8949174772174469,1.0450781942132719,0.550912206376945,-0.05893307578531805,0.40293314681087133,0.3545523335293653,-0.1110006526764838,-0.5272753233066618,-0.1381780782767641,-0.6589594466389027,0.35995981525772625,-1.0222164726261997,-0.10674367789867606,0.08533403515634429,0.6547989861701718,-1
-0.8630242966206624,-0.801876088614007,-2.4033006163668804,0.3603250822014249,-0.5729924354951106,0.7237870055674083,-0.23112128700578957,0.2325703320054857,-0.47462750575933566,-0.06451124226479503,0.4590601709559401,-0.3066179245674751,0.7816074563782788,-0.33700470718693476,0.9396541327223892,-0.6828841981426029,0.9416205875619392,0.7101719663568278,-0.18873091698980873,-0.43229772606428873,0.07469259822730809,-0.46688393337012035,1.2615518331338,2.4513869344186077,-0.2515465262474904,0.355245654074346,-0.5082231537240024,1.1722259539198983,-5.6774845221463845,-0.24260246753863685,-1
1.2867855330007938,0.6331363098581422,0.3294190603522565,-0.38339668038384,0.9932300360308208,0.7687889722332191,-0.6209224127133683,0.32908406392311773,-0.012415884456212814,-0.7744623222749226,-0.21362985066622234,0.9901102810316459,-0.204700345636362,-0.3609156444678964,-1.4346907486371918,-0.5442045409324813,0.7639059244579227,0.5885204708836534,1.1108051943594655,-1.7350846230156343,0.08048581890513866,-0.07033357860682506,-0.6812974398043563,-0.04313515254820345,0.19510582974142981,0.5409432750581354,0.06432640250475809,0.38960791312334453,0.7205906295045116,-0.421251831008446,1
0.9883211988309946,0.2559522742615008,0.054661302524736104,-0.24145582544749616,1.295597871237591,-0.5973077617111777,1.6221778547086665,0.6358179396411145,-0.551364030505172,-0.7937783728838698,-0.03784589783385315,-0.32759544982540534,-0.057104397542571426,0.6154774485695913,-0.36715761956162934,-0.2859778278674617,0.08244898498916467,0.1657949090709765,0.14481493251973385,0.492498031139679,0.8111303382213753,-0.40687330732462684,0.6634168373558511,1.105094905815055,-0.498139473896616,-2.6961512222870603,0.14391364736898982,0.8399046451464225,0.33175172588199836,3.4230747390438587,1
1.2279967879022264,0.29369886802258865,-0.35094633336648356,0.6967154163320898,-1.0597825091435398,0.21356786997745125,0.32551507645956823,0.4068733644596195,0.05278846913728736,-0.06181662466451452,0.48446915912665667,-0.4451877375286804,0.4546854275457955,-0.7074597854107003,0.44365695365639995,0.15794783934333803,1.0906316862668808,0.8452645683081987,0.7458736421001047,1.1385390990510262,-0.02522043969691268,-0.0022817032080178364,0.5836647173348368,-0.3165088570697874,-0.6710090115581702,0.7355065681182112,0.4044758039638105,-0.12729978896349234,-0.0006829211159937064,-0.25510792298152346,-1
1.6001657925747652,0.8006605584161369,-0.46253554799489377,0.24395368321501454,-0.6466477010390045,0.56555095967669,0.21824449283810923,0.5041894433688277,-0.09721410410591574,0.8146682491153776,0.5447106127821815,-1.224661120985307,0.6242350608367082,0.04577841493779791,0.5708751300257718,0.34695192241711076,0.7900875305887298,0.5936693305862357,0.5049749999231238,0.055260740037767396,-0.35012223129561665,-0.2629841225072523,-0.9435803363792151,0.20866046509368538,-0.6170751139295773,-0.25386999911314584,0.42271219924734893,-0.13637718501364626,-0.15100526189960686,-0.41302565101611527,-1
0.988258701936843,0.41156575702507303,0.3476463718638805,-0.0081601507726915,1.1488518680288349,0.5033756557746387,0.021310624367127363,0.18385827569282015,-0.5869804223047331,-1.1312864767083624,0.13500312043697274,-0.1622480960700335,-0.10179226788616542,0.2481306292366093,-0.2475800009043298,0.2914769367228993,-0.15795318585145687,0.18837032245848617,0.05516201775085681,0.5269801803295229,0.857391064273375,-0.3447575155059369,0.9470442284058862,-0.2662140212609832,-0.37932903924333655,1.1690244848325546,1.6655995622889608,0.5646437594345614,1.3593988260956498,-0.417097194648683,1
1.1671664775947084,0.6214737322528738,0.04851488957881152,-0.0257993344162271,0.9676486242115414,0.3853546630203849,-0.1665139094388617,0.18242941294185594,0.038455672096966924,-0.2982971566181691,0.03565289054593296,0.4671488664125189,-0.07145579126430529,-0.8254995998981705,-0.8573120418605812,-1.7355583069891187,0.43045665655323373,0.21700257866762293,0.5677736844911774,-1.2279837058651053,-0.07535419944926669,-0.012721865231758386,-0.14100096231548093,0.004614030279835085,-0.541133650032214,0.24592401238565054,0.1774025658925773,0.40470305269956225,0.5614732665373399,-0.417097194648683,1
0.6938566658868951,-0.1510562848670543,-1.4016493650808832,0.2786193595538234,-0.647807380607434,0.6203690430949643,-0.12406528916096583,1.1114057832239443,-0.18813227202650942,0.11652959718171088,0.2815329180948322,-1.069819244942038,0.6807754856910846,0.36932107955705223,0.9478544173849078,-0.21849210393839805,0.31106371545967176,0.5297354638755208,0.5291538531373743,-0.4273233377520801,2.006035402492072,0.2658809006618724,0.8249168963038986,1.6094135804089198,1.1636446837639882,2.2797402786868313,-0.5849630102382636,-0.3986915448970888,0.4509891459327788,3.4996446871542912,-1
-0.5349989315171753,0.15878745803301453,-0.09987812929118296,0.6295212824966402,-0.004406772006992477,0.2473191154918369,0.985611015910657,0.30098899463631035,-0.07056374456597242,0.3362240238496739,0.6607813250206781,0.2941969303135712,0.19157138219162206,-0.6697719784741438,0.020990783835516877,-0.488543854012168,-0.334421928395241,-0.08097776845935893,-0.5591352775630806,0.36568177948436387,0.1492989873779625,0.002011053129296893,0.4122001625830387,-0.0433912326558129,-0.31732622716139236,-0.7589055554509845,2.0173430273733,-0.9832397321479398,-0.9815371823903508,-0.3421475547185584,1
1.2226845518993439,0.3548128608033555,-0.13974287786187914,0.3136830073803065,-1.1518285740596337,0.7405683858071884,0.014227204976281039,0.7108542307570477,-0.0753059166022266,0.544803906127237,0.5883206673533461,-1.4352245030587079,0.49955692490317655,-0.7810013677277108,0.9343154607333835,0.13574000088059154,0.5241129805138875,0.4588989569171252,0.5010931784226547,-0.11778959127021417,-0.21339028618285139,-0.07078439637392829,0.5104520173172318,-0.23703991650690032,-0.49501011311104104,-0.2522902602836796,0.16267695980721186,0.12252409431066874,0.027343946568096793,-0.4116546210173935,-1
0.13667602222768874,-1.3337750144810494,1.1080503998795357,-1.44784636742091,1.6725831797476836,-1.634770654809415,-1.7738835024929591,-1.4782054950221197,1.0932250368151801,-1.8631580441432405,-2.0549155541787756,1.7958331662453788,-2.793982381525351,0.31208767594039244,-1.1071126722785039,-0.1060057124141055,-3.460694130765792,-2.879503989987582,-3.0382181780639894,3.642058504831849,-0.2968546671089508,0.8685634408992094,0.9590330943871358,-0.44459202349116045,1.673774316266792,0.7810206587102227,0.17695109141620521,-0.36718129026381086,0.0916054269613282,-0.417097194648683,1
0.8720144788149417,0.4763626461472993,-0.47938228767025803,0.4562864143868668,0.17350895723410795,0.6906804269108321,0.11043053233426399,0.5032585499185508,-0.10939058002675729,-0.05756603208489741,0.9933295567135842,-1.1067747675864423,0.5369726043099198,0.32998644351286194,0.8103678684369474,0.27909665861699123,0.4820346569349852,0.6484360232844087,0.30516909617653015,1.1700360590847336,0.00040464734371230217,0.0037964186394799345,0.8471692524469491,0.2726548373546363,1.6572011646756426,-1.8744483241202339,5.693567867646856,-0.2841334846122774,0.3447041273843251,-0.3914215419453477,1
-1.5906339706311725,0.3600159909630572,-0.5061407375973429,0.8082946222917993,-1.2694036346925655,0.5255501361215009,0.26623606420514373,0.4975807162636399,-0.1344351031985215,0.6323124417578033,0.5772753204817991,-0.8931237768807803,-0.021116261551593015,2.9947516730190684,0.8724500997995203,-0.4882941532524855,1.0938503425112003,0.5659051840973366,0.22166251163726008,-0.08581209313223492,0.033490204262679076,-0.1278536437560905,0.09128282667767897,-0.191668017652741,-1.751514588732466,-0.08643660383123866,-1.024356091935546,-0.15730269593034074,-0.30057816379248165,-0.3591400174299891,-1
1.3544280047708321,0.4475103188251626,-0.4099312263239248,0.7487153710866727,-0.9674271660994458,0.3800081713365083,0.5435252728139309,0.483290320530997,-0.04323010681078897,0.8124624375117602,0.4659534829164881,-1.3601233181837913,0.7370412845827881,1.3306693159247729,0.599513121020036,0.3251886313550267,0.8865716611850964,0.37152969598031765,0.6465044070558514,-0.3774035464594982,-0.24065957573876462,-0.09332128388619243,0.24968040339168104,-0.026272281099206922,-1.5910285158600344,-1.0505267246535506,0.9141573959944508,-0.01234866870964006,0.06265050667829132,-0.3548191956158356,-1
-0.40560952832539593,0.12076006686382929,-0.8322957386274195,0.6204521638340551,-0.691086086829299,0.3552456801917087,0.45646295373908913,0.5940782129572533,-0.12736221472813175,0.2869834743532833,0.7357345574692292,-1.1886540273275061,0.6379699311233658,0.1379368729789498,0.6599229662544899,-0.6364807686683013,0.1385438698069067,0.5605701043146621,0.7081474132957183,-1.5323239952986092,-1.5420356431266582,-0.34492370946452044,-0.5221602658473748,-0.3242122815505007,-0.5851100446777451,-0.04544473928595483,-1.0999199264392008,-0.043474971816249944,0.10264336913196698,0.9082318041157151,1
-0.25374207553710554,0.6144656869558276,-0.5279503314799189,0.8066568937025583,-0.34044031407661307,0.09879153811857043,0.3876310209602269,0.34042808002506425,-0.01473674827836842,0.8997597034871679,0.605616462729103,-0.7405416374511465,0.6805134789391001,-0.526874933186586,0.7607764190892232,1.950284604194878,0.7350454323716622,0.515389362174365,0.5516753484401076,-1.3009793220436245,-0.3840947988078195,-0.00975132864056761,0.7486870322340796,0.023662569013125495,0.8694654882497893,0.2911421513551156,-0.5725879194930846,0.009205116778433902,0.04852796666985874,-0.34854569471259345,-1
1.2361838810360808,0.2704920312529857,-0.3114016604658147,0.5957453330557909,-1.3594264308260045,0.4090444149211725,-0.385579310513404,0.5850166649147368,-0.01787481460886893,0.7667948452223062,0.31216845282631356,-1.2253744174614085,0.7740568597094256,-0.12036204291228964,0.7774583331183605,-1.5236901086124695,0.5924518293959162,0.5172118269625324,0.2484776711377155,-0.9300769932294664,-0.41832838220850904,-0.06080934705463595,0.4746323503928624,-0.18014183214270751,0.3973309762965145,-0.15101832789467817,1.517708893468234,0.09439873753029779,0.22836713526654154,-0.417097194648683,-1
0.13609271788227417,-1.4374589976246652,1.3981060360003237,-2.18072070644742,1.81513519010156,-1.976641136293237,-2.157856954352349,-1.654791333271646,1.281939792322479,-1.4096936407217266,-2.590302400573382,2.296173680178626,-2.847005836580128,0.3928609434421485,-2.2775663126792147,0.6024889153513661,-2.7550644098827926,-2.0719018079543803,-1.9019564388851304,2.803427268630216,-0.9527994550706991,0.8309704957423087,0.5794982107118949,-0.9146723516216373,0.9771601953750998,0.5358875718629289,1.0334615451420315,-1.4263443601041146,-1.2140772129694357,0.3619802155340755,1
1.654288102910016,0.6688286267123534,-0.8212287429162968,0.4638427054271455,-0.5778677834089505,0.15242317830020982,-0.005746785338289559,0.4955050911414302,-0.11980817407119458,1.0061156213515958,0.5414829700670267,-0.8975883077454524,0.9371379257362233,1.2982990102938499,0.7173005076125781,0.6191632271412482,0.6634565220273942,0.47990792010656114,0.3105990560334468,-0.3117328881689945,0.23726552437677828,-0.12498104349494192,-0.5163286438577358,0.11715825034727474,0.2545983913201684,-0.9280872224848681,-0.8280370054566709,-0.11958859945413053,-0.004157139202829821,0.9333673540922813,-1
0.31856281650677837,-0.010483161214992587,0.6440244664581117,-0.6389368215662649,0.9418087898661561,-0.05198090083051845,-0.9794260450334978,-0.33646459244629034,0.2297183931750092,-0.6855590362704929,-0.9212113908321047,1.9223315473958478,-1.4969001039376955,2.102510522081565,-1.1612947687330568,-0.43425240872938675,-1.7335850315387604,-1.0621199020488965,-0.7925568938775598,2.45340133897101,0.49127434626751987,0.3475780822954286,0.8496880995864765,-0.19680533677028633,-0.5308186452073214,0.5047183656470047,0.10877381408344348,0.10295389127151182,-0.5570673445278197,-0.417097194648683,1
-1.1165325315974395,0.6630334997980565,-0.6797967790400405,0.7844529939986733,-0.9008099543623241,-0.02763084227649418,0.12518678934005806,0.26823876268634933,-0.06381931289786327,0.4513137825960503,0.7462695837189122,-0.7917162778503517,0.621614882747437,1.0040486556299804,0.5938053363672109,1.301624932748274,1.099655673251481,0.5553694007993507,0.1973660542698144,-0.19573404336037922,-0.10125701200968039,0.039778469271508445,1.0543434881768021,-0.0495419691542013,0.9638874656030957,0.46001498462786006,-0.1549168810140112,-0.014588124436943637,0.026584140903061628,-0.3797470137744136,-1
1.356511234575884,0.7291742195249545,-0.6187857523195222,0.38737076467927795,-0.38796573357857295,0.30138870985558897,0.17076385975710792,0.45710793576688935,-0.08215741559629815,0.9425809310656084,0.5227357824659032,-0.3984186275315761,1.0100661766528687,0.5933687379818731,0.4184259897109958,-1.9649420162906266,0.5733514042489275,0.7060696827947222,0.7125031381720445,-0.11886356520854055,-0.16017035050300202,-0.016336626608968178,0.8704348189943911,-0.13666007612184916,0.34532183331420074,0.29030464877569356,1.264686127566848,-0.10014963161872023,-0.11572600843610423,0.056074340364725486,-1
-0.960852768265904,-1.0533656541296077,1.1102583890568287,-1.2471561126526145,1.3534706694306406,-1.5127616851546175,-1.7047452384200832,-1.5603583070428773,1.0521779850547728,-2.0751845436613197,-2.2590450672110056,2.01598331552171,-2.178302481090325,0.8559370708764853,-2.4383773833207516,1.5847917179245568,-2.780307854095184,-2.8151729216651638,-2.6740572757224284,2.8002734730723655,0.24656514767572063,0.649221837442364,-0.23217417468803925,0.029303218549350096,0.8762122701374128,-0.07113884842783502,1.0340552413306383,0.683232311362328,0.10622813141538255,-0.2955325347620175,1
-0.3124891560395718,-0.3101707251056771,-0.44161782641342956,-0.03826282173839901,0.49800548700491676,-0.06388696175515658,-0.7932881499198823,-0.1145162273489873,0.27002922546721186,-0.36482498789086665,-0.38466005441148826,0.861494805912548,-0.38624452147386085,-1.1647736782209124,-0.5669744627630551,1.0510826449555546,-0.34116608172408874,-0.4623735768401393,0.05867002702781186,0.7194013451192209,0.6814921005846993,0.16518294690888286,-0.14953304082827326,-0.34003406066448727,0.6740419738406922,-0.26020115946813,-0.5895978271095066,1.1193408453515168,-0.36699108714272294,0.5712907953389357,1
1.4792343023914971,0.7872151067571805,-0.5141963187274016,0.3944374543566263,-0.5922795094468558,0.3544484153846487,-0.18133197177560467,0.5039923561632215,-0.12126932766809391,0.8134250514738864,0.6401084738306732,-1.0183330277849374,0.7432969620118381,-0.1211367216486858,0.822071953565391,0.17404081526429957,0.5856215885849877,0.5242276067253095,0.12882034882971127,-0.16742629117069707,-0.4428522914077894,-0.21686540290650783,-0.601856065170854,0.2953453422604032,-0.18029781759348218,-0.49612654066191636,0.38208694218166783,-0.14020297798757153,-0.2036075198654557,-0.4138150319244702,-1
-1.204132344899876,0.6187532421606979,0.24524618235335022,-0.040642057833323406,0.7399879341638143,1.0465743763061743,-0.6118167228010498,0.7548731758702382,-0.12477478519261663,-0.6157922974755343,0.21828925885805994,0.6525484247327208,0.3755112612890943,-1.1723863853884735,-0.7554320275071931,-0.25888830631495025,1.3350659322603704,1.610871907272003,1.7278205431602167,-2.4413712942482007,-0.2505381675503172,-0.1507653753297042,-0.2051683296286986,-0.40694114144391896,-0.6726026846393167,1.8923716338123033,1.0206483192136462,-0.06494637649499585,0.3092921261938863,-0.41842667828380714,1
-0.8761694766905405,0.6122105441634264,-0.5357265743417369,0.5504185358815312,-0.7172111746815313,0.32852916811799115,-0.012544492326559836,0.5451411237348064,-0.10721496454671878,0.3885329944042302,0.6164765857257699,-0.21715824559278687,0.9414767647542841,0.6582860295968526,0.8598791304332148,0.16600812534611747,0.7299202812024246,0.4689908846840251,0.30071796250600935,0.25115594039327876,-0.03041576312947323,-0.23156473132455718,-1.068020960430752,0.06428452986373369,0.22623689763114704,0.09710990241397925,1.2191177593024287,-0.1906091004102947,-0.02856168038544346,0.07285907125816804,-1
1.2054354091135133,0.8297192047858261,-0.9061490776611036,0.41598592191745837,-1.2638718131703819,0.10442705589078775,0.4946968830164799,0.22343131301859903,-0.03032546013143188,0.15406151981630375,1.0074810054255972,-0.7912490143746547,0.3955060732063535,-1.3054997627603413,0.7488586044076571,-0.42959612332108177,0.6322872973334511,0.577710384127879,0.9008560488305197,-0.00423176265088843,-0.6923658826633566,-0.1720024364349571,-0.07593683130956096,0.21762747960779033,0.17144032783393048,-0.45147012346080145,-0.44506140301157143,-0.06784402267458663,-0.19677653324883604,-0.396324012849868,-1
0.2913558352527993,-4.099649370935341,4.5040056688967045,-3.38074699926664,2.7134219079725126,-3.479891654759628,2.6604192396570965,-5.6141371983995025,-5.776305207901089,-4.146112515006279,-4.3787807376279355,0.6501926036146599,-1.57067066686443,-2.4470355384150384,-0.055905067891595,-4.484496235294834,-1.2761770956203229,-1.5759479498149414,-1.923336146652434,-1.2899171951403052,6.903280562974877,-5.999756904616611,4.73501177586689,2.913427092013979,0.24142172114770047,-1.0498636182652759,-0.5008901838195489,-4.800279659596691,-1.1193587540747145,-0.4117792601081864,1
0.7968307151506152,0.7669282693995438,-0.5017329366585824,0.31075780986376894,-0.2638902136563398,0.41867146260267213,-0.2577630274405364,0.5734546924499041,-0.12913425237203394,0.7669808620941535,0.687793578581738,-1.1670503301590436,0.5418696393704088,-1.9739814901457606,0.9481563115673378,-0.2642655080231193,0.4297411703809713,0.5667838644465844,0.3172608806371893,-0.45742094715372444,-0.5296934941560805,-0.09518613301704461,0.1657365966533302,0.010349827051599796,0.03802849458943768,0.5244630903719905,-1.0837455383140746,-0.10690978818299582,-0.19481202736565661,-0.21605434119975125,-1
0.13532192285440492,-0.24414939394445975,0.9850334667807042,-0.8675354646030832,1.8280508228544436,-0.6389748726749088,-1.5532307210019258,-0.9059236479909519,0.3926975441318918,-1.6968838063412792,-1.9627769094286909,2.3791716099405407,-3.323394123427089,-0.8399580292074486,-2.506141200771735,-2.3867117724771707,-2.876697244150083,-2.9884147272039128,-2.855578657636861,-0.1505831939081978,0.7823312229110115,0.5788407267852571,0.07147719568368455,-0.028620603294373062,0.8513847209205044,0.45129968317020863,0.14366987683527974,1.7115062197743882,2.3215341893161088,-0.10608111675682455,1
-0.9030014765796102,0.3527218824289379,-0.2116837829638706,0.8385551568354244,-0.5351656086742611,0.37570735905682695,0.17745651277122224,0.5814586768843302,-0.09122244922570066,0.21274251599422764,0.5778575298924493,-0.5471833566815977,0.8833201263049613,1.5699820245456004,0.7448383229004534,1.476042503217884,0.42873042710435094,0.6126873080649323,0.08864897285220234,0.141912477334887,-0.1242548544739471,-0.1354445401844329,-0.09440468393599101,0.07824492421123218,0.9446622814162012,-1.0762007488345315,0.26926952932886633,-0.05657224896306811,0.283176335874058,-0.38390165013417665,-1
-1.000954942013155,0.2292559940103189,-0.23223636720790278,0.7356054683031359,-0.7229032376351363,0.501209441764159,0.04684035387821127,0.6280945012740375,-0.11709783446736707,0.709502183762819,0.7240580116957148,-0.8287093512343502,0.6105787245362589,-0.6564037084201972,0.7392633900479183,0.7155518324224599,0.5743347160626916,0.4802775372811488,0.2690710342587245,-1.399869927391618,-0.2654209540211451,-0.10844699256073957,0.26500431145975645,-0.06342976069085687,0.2241774401559706,0.3054860001808088,-1.144280431594976,-0.28149059638762447,-0.019178337467258316,-0.4085386437475712,-1
0.7707486779913643,0.7916208968867405,-0.6239395929443767,0.34684479225524867,-1.1883064174460285,0.34124587729934325,-0.13916548414744556,0.4772685424974379,-0.13058075677766356,1.263338159669412,0.421308585908315,-0.9214371195056292,0.968563910673987,1.261292039771832,0.7483586669151315,0.8687736400495234,0.4026367250592714,0.5175098724845588,0.37752841294972933,0.42859304697156353,-0.27306455669065527,-0.10867241990505934,0.24145148710413222,0.11737550065513955,1.3202608111646297,0.11827579955094138,-0.6210643618200749,-0.07681885916303612,-0.1597994794279262,-0.31896468383108084,-1
-0.3735902862217468,0.6253461619800113,-0.19656104817526293,0.34904571987343275,-0.08885841694005149,0.512466475706195,-0.24207090630412123,0.5161856719255757,-0.05773139894326817,0.5763372207260388,0.2194089680348187,0.08010502914376595,0.5843937807269319,-1.5935923685845041,-0.19822616790400505,-0.36294967168299724,1.0228192975673296,1.1730503492193094,1.4420867427786321,-0.6352525437377974,-0.3125682718785645,-0.24125387452243033,-0.7375241357055445,-0.10959012271980571,-0.053984022959961984,0.9584820957170255,-0.80060717055978,-0.004936500445506987,0.2151933421382653,-0.417097194648683,1
1.34553261350326,-0.5360786021004645,0.37568092469179337,-0.36183996333526197,0.39990541011628766,-0.09813206938266807,-0.5755769884437935,-0.2431713369373495,-0.019797981777644268,-0.14734850942954794,-0.23551637242390902,0.6326930638015421,-0.631663379054909,0.34567594265987717,-1.1139383724872118,2.401681165048491,-0.8687471517066975,-0.47982225027350406,-0.3976128456375087,2.142841806102896,-0.7193703455229543,0.4846140121585737,0.28709559204404195,0.13267453636805673,1.6562084907304762,-1.3012778975976325,0.990632917093392,-1.9237037471138874,3.5570133184217743,-0.4212102846448484,1
-0.8156724831518305,0.6428039245715411,-0.4707109251451157,0.5542002782889249,-0.5382189046020635,0.48837272962553363,0.9384277037618102,0.4405453674018379,-0.0028985607045702647,0.61264438491838,0.6505935449878995,-0.7490532817608891,0.668794076262759,-0.7376421879883597,0.8887219273558544,0.9230584990370028,0.8332596652203578,0.39642941900716294,0.6577349442817797,-0.03046453941866931,-0.3647539062842574,-0.22503349072591933,-0.8305708928643716,-0.012653996722582831,-3.1287755009174414,0.5165446582572065,-1.2580111039328778,-0.04367834518394071,-0.0530394725775395,-0.37139619469129,-1
-1.5769679831100314,-0.2562837783101608,1.3582191193838171,-1.2071136516712688,1.9391831089122749,-0.10777073668448747,-1.2876411546289284,-0.8584371247729873,0.5254131796000427,-2.0923755877344834,-2.2174177855787685,3.4513517142155696,-3.0974407990221424,-0.2647023606705242,-3.256753249388281,-1.2486715221595435,-2.278202273234032,-1.9694205027329688,-1.722571285021513,-0.6819020433023671,1.023282271614596,0.49764212158143295,-0.15509956015901877,-0.39623687999878665,-2.0171946165742645,1.737875187594844,1.2070574427149123,1.7229250515212695,2.023355709433044,-0.417097194648683,1
0.8714520067675776,-0.2737357660583863,-1.5929005165779853,0.3610312918893402,-0.6896746299433072,0.6527733070899363,-0.5195379246825066,0.6380118338397014,0.019883728290914678,0.6019450845273798,0.3383043334694985,-0.7314808376944867,0.8389384678038907,-0.6559129302375046,0.9939142085401971,-1.068094563079076,0.6215193675638064,0.47313458201785447,0.739653328147008,-0.19870947747940676,1.5883581911294402,0.09163547311803683,-0.3951534147071312,1.0855156431472484,-0.7624872136864649,-0.5254544616923043,-2.1049827878243144,0.11067690652375962,-0.7750200157351402,1.9686611885816243,-1
1.1457717074968243,0.05884014889734403,0.010134474326229414,0.8589031594632976,0.5466464356758729,0.3552499075583061,1.1983179039167937,0.5140808831784165,-0.029157716576920602,-0.12102503711024361,1.1692314322634825,-0.46724606852680833,0.7386254055030902,1.1717262059159586,0.6849127334539323,0.7281762854422854,0.7608506239573823,0.4832741543841961,0.7687776328604339,1.0254176206261851,-0.23543419249614694,-0.1812426914104407,-0.12593424879375464,-0.06779045870214365,-0.5065069552574488,-0.3748691619824158,-0.07847593512478605,-1.9068197403866738,-3.032115113970823,-0.2668239975160552,-1
-0.9473742714272176,-2.92809950807047,1.9285356735213524,-2.5627039341412985,1.6966041544210164,-3.242170479734856,-0.5361786125262697,-3.029269929820177,0.062316421382526424,-3.0559472303450184,-2.9618373383991874,1.0192736743035227,-1.3393330531829208,1.3204103600865202,-0.7908070860397363,0.8785216161293078,-2.1345755206827404,-2.5569597135019944,-2.8752203619165333,2.410626194865429,0.16227854737918204,-0.8727827376880128,0.4342404625725407,-0.6037181682012734,1.3464249312968648,-1.4641182331980902,0.19352178885508894,-3.3028813692280234,-3.0380058193599075,0.15998179572239823,1
1.147167471466209,-0.1645708630421106,-0.46634740419416787,-0.38553044263105596,0.3384785849876799,0.4745178883991069,-0.4809901220992691,0.2564025310805319,0.06837506467753555,-0.7871502863332002,-0.4391943275313652,0.6280069788202508,-0.29942366230628314,1.0380554378441373,-0.6578323491711089,-0.5514550682219925,-0.6745605668040735,-0.6251492367706708,-0.166279918788423,1.2826831163384111,0.01583214182878982,0.18605207076443483,1.0389361286069563,1.546791161573946,-0.0705930187478716,1.7847424091197608,-0.06129573405983346,0.915570587106786,-0.04435263710940682,0.9082733504793127,1
-0.13306057293044352,0.60895485790552,-0.47531630946246606,0.6329333770798014,-0.3060506439296134,0.34752180028256535,0.5085351923228059,0.48767071442466814,-0.046243095569499425,0.5449686353306551,0.6271093614677264,-0.26143224342297233,1.0014454836382016,0.2910162695587518,0.7910013014451587,-0.8012557515963346,0.45934220568769507,0.5676763562821311,0.27146513719371534,-0.35184159011638944,-0.2877464175310269,-0.12101514137217118,0.06228956255567007,-0.07196672895898343,0.2154290215185149,0.9063611102883086,-0.7644635298057963,-0.04344207832804044,-0.02280902248360022,-0.2245713457372654,-1
-1.1000750161375288,0.6149736979302477,-0.3836737951825273,0.7058821775138366,0.0675456542867918,0.36762852458119405,0.7372507652681061,0.4595331127097968,-0.02084494401642705,0.2767354078245171,0.7630846570630271,-0.302915962072412,0.9549927547641274,0.39650573401671096,0.7600339543939938,-1.1594940853269153,0.6404093725275332,0.5330271531440542,0.20267771659360712,-0.8059092484992276,-0.3716289738161534,-0.16898983172728244,-0.25089127170853837,0.06681814624773531,0.16411102668609517,0.5191185516528809,-0.284674553321803,-0.05361978989235528,-0.029650281665262956,-0.41493678374160625,1
-0.7629042721898635,-1.057143479138097,1.2975577783503396,-1.271215776533577,0.5820944556078514,-1.228368617192288,-1.4222250237600509,-0.7622282485730961,1.1294353443357041,-0.4817203625519273,-0.7210949471433643,0.3491165977008494,-0.7094508989608517,-0.5898117685836781,-0.854738675155619,0.9746610994235547,-0.6335206406819642,-0.6542713975014477,-0.5697273706184272,0.24513175998985356,0.5114927992737182,0.2058570379127296,-0.5912697054735915,0.19622473902634247,0.03339842655699331,0.7204821210388767,-0.6012117303123606,1.0435368710294501,0.48969447533220617,-0.005829741395743294,1
-0.16749636160795298,0.3579171103186527,-0.4827471070099932,0.8315536021884825,-1.017768271926485,0.3186946482367049,0.4208609135626597,0.5737142011655579,-0.07654764252658396,0.03633883352390029,0.6940387184457841,-0.37333499791394925,0.7581354588362781,-0.49865061878110917,0.7186824328828678,-1.4441460757498465,0.04735286906156294,0.5873508543441669,0.8163225011698076,-1.2439123448267746,-0.6614676990743673,-0.2370726626650639,-0.26343378770917275,0.007619995555082938,0.5038058771063466,-0.6022892677735648,0.23922270314774322,-0.13063392838673896,-0.2931161918453664,-0.2633756493374519,-1
-0.30859351630412457,-0.22820024819396448,-1.3184908628217116,0.8493742317650975,-0.4795134020446592,0.5908917532630115,0.5071180274964063,0.40357929246887775,-0.09035148024229225,0.4015333467628887,0.934061649117217,-0.7749042011898434,0.5760789316629178,0.06827320977357652,0.5784686816411723,0.5927408056774116,0.3422042256128136,0.43558266173523286,1.6161355335479288,0.39472342879492706,-1.8567270394605448,-0.4187841788595522,0.29566532702473697,1.5940693697840436,-1.4352004078998652,1.3749275556855398,-0.13080032670298464,-0.2778751102578783,-1.887007008821889,-0.16058994579691516,-1
1.5242737307767211,0.7777893420677626,-0.4601681571670478,0.3219333219174413,-0.6050323912717017,0.4708339372753812,0.0922993610605484,0.4947556447222682,-0.08317777815964846,0.637370111891842,0.5755216426400185,-0.2072725938904486,0.9170147334344262,0.28102307492563106,0.6056918239539937,-0.45177681612305526,0.7280819720828327,0.6242944705941303,0.49430378203209235,-0.11397852833856707,-0.34779441951531476,-0.2151197515058617,-0.6226744883550385,0.31308264488340726,1.2648239773271146,-0.5192196413996792,0.24700503489659406,-0.1322555093829608,-0.14671997860867994,-0.41302565101611527,-1
-1.2581921583409752,-3.527688917670261,2.950877731086131,-3.264558911489761,1.2088711051214116,-3.5313301429584336,-2.150493171752416,-2.2843378320350842,2.9046488129048758,-1.0762639652383994,-1.224025823525718,1.176190562696618,-0.8987050495232909,0.5827083821674321,-0.8619597897067877,0.011524610064505449,-1.246435664102705,-1.5723482691852093,-1.53282696963472,0.5815949416139179,1.2385073684745973,0.5007384165213579,-1.3547750985969962,-0.7995317805131612,0.3951430968899172,2.29348957544724,-0.5275011575867693,1.362841765858478,1.0039992123138897,-0.005829741395743294,1
0.8727644415447604,0.6318979876675087,0.15608199187659172,-0.25821735411338864,0.9296688456486786,0.6341473511260708,-0.3156339488779265,0.2871045321844266,0.017015803380780955,-0.5636766411971087,-0.015803504118669223,0.590699249409641,-0.2725499936582724,-1.8562033165100826,-0.9034141842630821,-1.1665272366671358,0.468673005753423,0.3520738456858412,0.6978523881612824,-1.37503809800203,-0.08207363748351573,-0.022300079347089993,-0.3559691189029485,-0.05318336952829413,0.40648245126353166,0.6429474190362935,0.28984074876590826,0.3571956185482972,0.5825753455223519,-0.4010187519364002,1
-0.4435243107773422,0.47568756808025336,-0.12745836329620583,0.30965565482009727,0.4806716578683017,0.09532164398272443,0.22080482076318525,0.0622604746857329,0.08743269543624113,-0.09318862441759483,0.051392003800556064,0.23383515928966145,-0.05441963500937221,-0.9273790050577013,-0.30359975698542246,-1.366545784819411,-0.05930401644939363,-0.2971252200983313,-0.06713601003467552,-0.04328650463924765,0.020934142304715183,0.00905148308940489,-0.1998805481240882,-0.1371803292994446,-0.16998993146747635,1.0691556852405857,0.20608783065556618,0.47033583323966904,0.636671513331886,-0.38996741921943057,1
-0.6714088191519799,0.25920678797751806,-0.2814422731407159,0.811348186961148,-1.1220569900373023,0.3553985497747113,0.06009934732470088,0.570328854615868,-0.045448008336869,0.6402215480920219,0.5235642045541644,-0.7941071210740476,0.6907555972549283,-0.020689247520611662,0.7355971667388829,0.8381062189003297,0.7013760110083211,0.5024289094901547,0.15924127372261493,-1.144401429497089,-0.09816715125373598,-0.14280035590610696,-0.08595212975892286,0.01718803134789132,0.35151789571423525,-0.5820907538078339,1.5174832836467393,0.28741968921594163,0.5315830468086821,-0.3381591038131859,-1
-0.9616860601879248,-0.6140059780640711,0.6994741436197391,-0.8959101550618184,1.314811238675123,-1.041991303864493,-1.673666112508993,-1.311531856717152,0.6714262731782289,-1.917515666067278,-2.1717999313136267,2.2518887123652096,-2.3506171790691632,0.5268225323404044,-2.7276213236489792,1.698728455045511,-2.9545331729239037,-2.9471322427948468,-2.7220811384331496,2.8384308342147726,0.8506691623842395,0.5871026508932632,-0.13660207049357853,0.06381027488902374,0.8409272595791892,-0.15968502148222874,1.123724429549074,1.6374486091606342,0.826138423585414,-0.3992322583017021,1
0.021369252518060836,0.15958531474397863,-0.7164776335819321,0.26779655669408337,-0.9633731198561689,0.5418665383372124,0.5531379725393882,1.1668026592570033,-0.31204909531243974,0.33761972230778187,0.6159996770031592,-0.6567278909646403,0.5557645715889092,-1.0301685161925,0.8505378612374261,-1.307568044756695,0.6056166773387771,0.36096930940558153,0.5876030198095826,-0.3135012766522132,-1.0220246665263797,-0.11557819240768671,1.0882621084915853,0.36939550746140976,0.5043314087781283,0.46154851668612734,0.9353883266976003,-0.011641225546621623,-1.4284094847008986,1.7682415305866568,-1
-1.5901548277760105,0.6361490343845991,-0.5189313827421469,0.7014773212808391,-0.6009979680237613,0.16400989215508818,-0.059064461196129854,0.4084022827293708,-0.10175057053119094,1.3219240234140122,0.512519846852505,-0.5008730143417334,0.13342320630441712,1.382143176325456,1.084534513507583,0.675186037521402,0.763271236598831,0.6223597039604997,0.5799778874300872,-0.6044667987995016,-0.2768355392060382,-0.1336078889719872,0.020301774396158923,-0.002867440601418131,0.8682752976777411,0.23473647900647152,2.097412975914441,-0.1658625189669079,-0.03334636351377421,-0.25922101297768885,-1
-1.0373489667074132,0.2007005245115119,-0.37138850045697164,0.6748440398652192,-1.1294366778593214,0.22964816121343237,-0.14429673549613314,0.4605667539126417,-0.026943055845940863,0.06018492161653472,0.717549069449979,-1.1261393941871347,0.2809710093625665,-1.616487774579543,0.8540711118556659,0.754790221084251,0.9853243880551543,0.6371346026098844,-0.06289868416222964,0.6970411564539478,-0.4347446048399188,-0.17252408830349117,-0.8684332972117224,-0.024196370045552456,-0.24114574059560878,-0.6182959825828065,-1.5357024481710477,-0.6084734231603062,0.06818230882683927,-0.32611065836987324,-1
0.45768090288815055,0.5560864032095013,0.24006700158429353,-0.3352388505158168,1.0868056113806919,0.4869787165371337,0.06451958838600325,0.00023689378873308062,0.089087206967658,-0.23321912914413728,-0.3550880933850807,0.9765945022981589,-1.1379870439653514,0.7528061261968909,-0.872855140628601,-2.221134263113075,-0.12240639222723534,-0.3149381774160082,0.09339718978081948,-0.7494077737011993,0.14031972567045525,-0.014468182373757228,-0.7232160242304398,-0.04651814870974365,-1.0403559372105762,0.6381607608332802,0.043791001336774334,0.6491072448208722,0.8566756698813298,-0.421251831008446,1
-0.2899694418469597,-0.07731684628445852,-0.14405691851326774,0.4144122003363924,-0.18674725917234564,0.1977276753664582,-0.038847058784506505,0.049950694133489876,0.14666111528336823,0.0812983243966144,-0.2250813972364315,0.21640050450717732,0.19764666556052843,0.6047784775248827,-0.38514556196985333,-1.822341688324532,-0.1398792354508935,-0.30273287618152567,-0.022221881541321608,0.0443243911554476,-0.21229452444738742,0.0702597047025515,0.19152192568505222,-0.5944459723411926,0.020744519591963273,0.2803490600362169,-1.0128922394254631,0.2597502720465722,0.41742589994420554,-0.3527834237995517,1
0.026202345665781463,0.7962188097722294,-0.47367178794744047,0.22110532496093163,-0.6141828552028505,0.541425378121387,-0.2725302162240809,0.6105288411314282,-0.17192349857939562,0.7240256447608436,0.620841425437776,-1.2131057476382388,0.743425502617636,0.20853715521746793,0.8744959715124585,-0.13968190421033982,0.41363569808560907,0.5088476432015093,0.3366626904202346,0.05666967268422485,-0.40224233768461753,-0.07855409021187754,0.4196043932616606,-0.12719387092663392,-0.9414479033196799,0.9356158009667807,-0.1254731003074434,-0.12687302935816383,-0.23901131834710465,-0.32681694655103294,-1
-0.21134834900429747,0.17831593822921468,0.09903999575750398,0.2139153226163244,-0.13218328675514568,0.4262210414727394,-0.2739542219862988,0.25641231320750346,0.15386557085913444,0.004347287938680766,-0.3723153925006358,0.49702949343405817,0.04513283442272185,-1.7828382531420996,-0.6892552075600182,-0.8328708742767748,0.3651851993654525,0.5078173591159465,0.6659292901392913,-0.9994684545519917,-0.17038469315735752,-0.05949989291549147,-0.5078903519632331,-0.13886618312677143,-0.700618450177588,0.13452904664160514,-1.0776442247958242,0.28305361736801904,0.3908225231796813,-0.417097194648683,1
1.2535580176102146,0.14309270451234796,-0.5986763148441283,-0.024591922994112166,1.214077002719528,-0.40657634333959336,1.0708436773800625,0.7854069532928342,0.029145160015981633,-1.0623442749224208,0.3129443563036257,0.05229811390614102,-0.01089600841934715,-0.22693166831344114,0.3667828107794301,-0.7040520097053158,-0.2459569639550096,-0.23344104195439877,-0.037531871577709416,1.0979519886075746,1.9632682031679525,0.319719245978696,0.5137645070626933,1.8768902607626285,0.022710614309652533,0.7641980330118814,1.0730578892578768,-0.20377379531035378,-0.07811194575374841,3.7178877351326416,1
1.0633591364089674,0.3163943263770026,-0.2088630092987275,0.6709606375234808,-0.9993071817415188,0.4712201933938329,0.5408271693411362,0.5565326905181055,-0.13186750805040287,0.7828189501849483,0.5960101706288972,-1.2833992411256199,0.9723075244422142,3.2447817379337187,0.4900557360879516,-0.40862951676694864,0.7249823056754192,0.36495245664690806,0.5195870118361359,-0.3500718040858215,-0.23603366512004717,0.020808447349808294,0.9387708736285273,-0.1318407347266272,-1.4276538781727253,-1.4222827734471741,0.7176966357065225,-0.6301656749588346,0.46726616134154964,-0.3734735128711715,-1
-0.9622276999372383,-0.3797115901984108,0.8329206963300582,-0.608521122179946,1.612768134210298,-1.2343823699961463,-0.570893089464699,-0.8669222722140647,0.47392934800382613,-2.4352602682771667,-1.7754163386705248,1.935993545724532,-2.4181577542190955,0.3560286637168179,-2.145055568727489,0.561765323064659,-3.297235320681104,-3.4015091994888316,-3.3236547552566784,2.687499246753447,1.2932236345729713,0.6687413413227916,0.47265883945357073,0.05044900108947514,1.2175097382395959,0.45780990206905553,0.7491003250983976,1.9925491810049425,2.2794016147970444,0.9917815413105492,1
1.3472616942414533,0.35019517407373135,-0.4669305882704749,0.7332321232452714,-1.1152394323609816,0.44106496118527583,0.913198073410357,0.5521323887406457,0.020536037583828506,0.7561909289074363,0.3865488598982052,-0.9252256120102186,0.6491299997027566,-1.0826260352683879,0.7633629902166376,0.38145358870504426,0.39006787564196305,0.6799413906251105,-0.38888645650464526,-0.960480140183249,-0.36964954434245956,-0.19906229276039913,-0.5405293795011188,0.35770451150386073,-1.77070406056951,-2.0437253001398354,1.5735408321157844,0.03331007518906622,0.33648688705366203,-0.16520159215625208,-1
-0.24484668426953352,0.2533695810958543,-0.1401490445114132,0.6980375937451276,-0.42094913273351653,0.4664250790918534,0.8961393416740596,0.5299172862099676,0.016292156698450123,0.43610296868320936,0.7085730170031297,-0.6023234624708006,0.8131993018969649,-0.09172521715764742,0.7913158433085392,-0.35789885374845354,0.3914458542643947,0.5912770206956075,0.5263993071222325,0.8026622297952044,-0.16734957435290782,-0.11379835652305242,0.20027792947384096,-0.164694123670564,-1.31483425147238,-0.1173398922222273,-0.5920700679858201,-0.33679924726890526,-0.2839357775678341,-0.4012264837543883,-1
-0.9601653024302368,-1.3760292385156379,1.1505914292335733,-1.494349920702323,2.036831313327996,-1.9325746526808278,-1.2004660892698875,-1.6090206926892965,1.2667000911222988,-2.4332524225081955,-2.1339058080161046,1.7229494272145656,-2.116542152641022,1.1900451100972054,-2.164790074134858,0.9998406928372758,-2.5445423684798816,-2.8625905118352155,-2.635846451547644,2.0435748953488933,-0.44588528050231707,0.7488991315001065,0.306780592407659,0.057911094002201804,1.011370111483283,0.19341139216856965,0.6298102027053237,0.08244464464158568,-1.2075366089234523,0.07024165035151732,1
