,mean_fit_time,std_fit_time,mean_score_time,std_score_time,param_alpha,param_hidden_layer_sizes,param_max_iter,params,split0_test_score,split1_test_score,split2_test_score,split3_test_score,split4_test_score,mean_test_score,std_test_score,rank_test_score
0,0.0056401252746582035,0.00037041036401094335,0.0009111881256103516,2.0401944642935347e-05,0.001,"(5,)",1,"{'alpha': 0.001, 'hidden_layer_sizes': (5,), 'max_iter': 1}",0.5,0.5,0.4999999999999999,0.5,0.5,0.5,4.965068306494546e-17,58
1,0.007285547256469726,0.0001843756957937289,0.0008860111236572265,6.925474936637586e-06,0.001,"(5,)",2,"{'alpha': 0.001, 'hidden_layer_sizes': (5,), 'max_iter': 2}",0.5,0.5,0.4999999999999999,0.5,0.5,0.5,4.965068306494546e-17,58
2,0.010661697387695313,0.00024342107722340363,0.0008929729461669922,4.095251188961771e-06,0.001,"(5,)",4,"{'alpha': 0.001, 'hidden_layer_sizes': (5,), 'max_iter': 4}",0.5,0.5,0.4999999999999999,0.5,0.5,0.5,4.965068306494546e-17,58
3,0.01735835075378418,0.00015876990449210178,0.0008998870849609375,1.2559568506740058e-05,0.001,"(5,)",8,"{'alpha': 0.001, 'hidden_layer_sizes': (5,), 'max_iter': 8}",0.5,0.5,0.4999999999999999,0.5,0.5,0.5,4.965068306494546e-17,58
4,0.02402009963989258,0.00015575654943271905,0.0008146286010742188,2.5055694219992815e-05,0.001,"(5,)",16,"{'alpha': 0.001, 'hidden_layer_sizes': (5,), 'max_iter': 16}",0.5,0.5,0.4999999999999999,0.5,0.5,0.5,4.965068306494546e-17,58
5,0.02401289939880371,0.00030843413122881813,0.0007970333099365234,9.986295311545798e-06,0.001,"(5,)",32,"{'alpha': 0.001, 'hidden_layer_sizes': (5,), 'max_iter': 32}",0.5,0.5,0.4999999999999999,0.5,0.5,0.5,4.965068306494546e-17,58
6,0.023885250091552734,0.00016263733465525284,0.0008006095886230469,1.0467634603676874e-05,0.001,"(5,)",64,"{'alpha': 0.001, 'hidden_layer_sizes': (5,), 'max_iter': 64}",0.5,0.5,0.4999999999999999,0.5,0.5,0.5,4.965068306494546e-17,58
7,0.02393789291381836,0.00018686672098633392,0.0008201122283935547,3.030839394850336e-05,0.001,"(5,)",128,"{'alpha': 0.001, 'hidden_layer_sizes': (5,), 'max_iter': 128}",0.5,0.5,0.4999999999999999,0.5,0.5,0.5,4.965068306494546e-17,58
8,0.024167442321777345,0.0007817174277554305,0.0008327960968017578,5.92610948826538e-05,0.001,"(5,)",256,"{'alpha': 0.001, 'hidden_layer_sizes': (5,), 'max_iter': 256}",0.5,0.5,0.4999999999999999,0.5,0.5,0.5,4.965068306494546e-17,58
9,0.02366361618041992,0.00011691805975513517,0.000811624526977539,2.9969281778436546e-05,0.001,"(5,)",512,"{'alpha': 0.001, 'hidden_layer_sizes': (5,), 'max_iter': 512}",0.5,0.5,0.4999999999999999,0.5,0.5,0.5,4.965068306494546e-17,58
10,0.023630523681640626,0.00017485181019147598,0.0007956027984619141,1.618649703342994e-05,0.001,"(5,)",1024,"{'alpha': 0.001, 'hidden_layer_sizes': (5,), 'max_iter': 1024}",0.5,0.5,0.4999999999999999,0.5,0.5,0.5,4.965068306494546e-17,58
11,0.02363924980163574,4.447472214337405e-05,0.0008059024810791015,2.3203603621615478e-05,0.001,"(5,)",2048,"{'alpha': 0.001, 'hidden_layer_sizes': (5,), 'max_iter': 2048}",0.5,0.5,0.4999999999999999,0.5,0.5,0.5,4.965068306494546e-17,58
12,0.023715877532958986,0.00010177894506874337,0.0008075714111328125,3.3394060641951725e-05,0.001,"(5,)",2100,"{'alpha': 0.001, 'hidden_layer_sizes': (5,), 'max_iter': 2100}",0.5,0.5,0.4999999999999999,0.5,0.5,0.5,4.965068306494546e-17,58
13,0.023828649520874025,0.0001011419385063229,0.0007893085479736328,3.5987782028414168e-06,0.001,"(5,)",2200,"{'alpha': 0.001, 'hidden_layer_sizes': (5,), 'max_iter': 2200}",0.5,0.5,0.4999999999999999,0.5,0.5,0.5,4.965068306494546e-17,58
14,0.023685121536254884,0.00012562705472604432,0.0007897853851318359,6.343188914610248e-06,0.001,"(5,)",2300,"{'alpha': 0.001, 'hidden_layer_sizes': (5,), 'max_iter': 2300}",0.5,0.5,0.4999999999999999,0.5,0.5,0.5,4.965068306494546e-17,58
15,0.02373476028442383,0.00015461715256172808,0.0007973670959472656,9.848274721851795e-06,0.001,"(5,)",2400,"{'alpha': 0.001, 'hidden_layer_sizes': (5,), 'max_iter': 2400}",0.5,0.5,0.4999999999999999,0.5,0.5,0.5,4.965068306494546e-17,58
16,0.024134111404418946,0.0006725980961444322,0.0008388042449951171,7.663908021606297e-05,0.001,"(5,)",2500,"{'alpha': 0.001, 'hidden_layer_sizes': (5,), 'max_iter': 2500}",0.5,0.5,0.4999999999999999,0.5,0.5,0.5,4.965068306494546e-17,58
17,0.023701953887939452,0.00022183576713426855,0.0007983207702636719,2.4679075539062803e-05,0.001,"(5,)",2600,"{'alpha': 0.001, 'hidden_layer_sizes': (5,), 'max_iter': 2600}",0.5,0.5,0.4999999999999999,0.5,0.5,0.5,4.965068306494546e-17,58
18,0.02354564666748047,6.532749119845891e-05,0.0007851123809814453,8.969102874413667e-06,0.001,"(5,)",2700,"{'alpha': 0.001, 'hidden_layer_sizes': (5,), 'max_iter': 2700}",0.5,0.5,0.4999999999999999,0.5,0.5,0.5,4.965068306494546e-17,58
19,0.02364954948425293,0.00023356010684971108,0.0007833003997802735,2.284841261045635e-06,0.001,"(5,)",2800,"{'alpha': 0.001, 'hidden_layer_sizes': (5,), 'max_iter': 2800}",0.5,0.5,0.4999999999999999,0.5,0.5,0.5,4.965068306494546e-17,58
20,0.023647356033325195,0.0001737952980536136,0.0008052825927734375,3.150468553192244e-05,0.001,"(5,)",2900,"{'alpha': 0.001, 'hidden_layer_sizes': (5,), 'max_iter': 2900}",0.5,0.5,0.4999999999999999,0.5,0.5,0.5,4.965068306494546e-17,58
21,0.02363581657409668,0.00026311437991022416,0.0008072376251220704,4.190782864141361e-05,0.001,"(5,)",3000,"{'alpha': 0.001, 'hidden_layer_sizes': (5,), 'max_iter': 3000}",0.5,0.5,0.4999999999999999,0.5,0.5,0.5,4.965068306494546e-17,58
22,0.005547618865966797,8.330013517472168e-05,0.000897216796875,9.27371656886537e-06,0.001,"(10,)",1,"{'alpha': 0.001, 'hidden_layer_sizes': (10,), 'max_iter': 1}",0.5,0.5,0.4999999999999999,0.5,0.5,0.5,4.965068306494546e-17,58
23,0.0073028564453125,0.000151263735084597,0.0008934497833251953,8.91392195503146e-06,0.001,"(10,)",2,"{'alpha': 0.001, 'hidden_layer_sizes': (10,), 'max_iter': 2}",0.5,0.5,0.4999999999999999,0.5,0.5,0.5,4.965068306494546e-17,58
24,0.010755681991577148,0.00017254941440573404,0.0008862018585205078,6.9510363278929e-06,0.001,"(10,)",4,"{'alpha': 0.001, 'hidden_layer_sizes': (10,), 'max_iter': 4}",0.5,0.5,0.4999999999999999,0.5,0.5,0.5,4.965068306494546e-17,58
25,0.01747283935546875,0.00010628812565986706,0.0008934497833251953,6.819938346397829e-06,0.001,"(10,)",8,"{'alpha': 0.001, 'hidden_layer_sizes': (10,), 'max_iter': 8}",0.5,0.5,0.4999999999999999,0.5,0.5,0.5,4.965068306494546e-17,58
26,0.02415041923522949,0.0001815031896673455,0.0007921695709228515,9.416296430967049e-06,0.001,"(10,)",16,"{'alpha': 0.001, 'hidden_layer_sizes': (10,), 'max_iter': 16}",0.5,0.5,0.4999999999999999,0.5,0.5,0.5,4.965068306494546e-17,58
27,0.024173641204833986,0.00010339899049524972,0.0008052825927734375,2.6334020110018145e-05,0.001,"(10,)",32,"{'alpha': 0.001, 'hidden_layer_sizes': (10,), 'max_iter': 32}",0.5,0.5,0.4999999999999999,0.5,0.5,0.5,4.965068306494546e-17,58
28,0.024239587783813476,0.00011073113678756438,0.0007918834686279297,1.5824672861900118e-05,0.001,"(10,)",64,"{'alpha': 0.001, 'hidden_layer_sizes': (10,), 'max_iter': 64}",0.5,0.5,0.4999999999999999,0.5,0.5,0.5,4.965068306494546e-17,58
29,0.02449831962585449,0.0006173202911172159,0.0008269309997558594,7.07293699589317e-05,0.001,"(10,)",128,"{'alpha': 0.001, 'hidden_layer_sizes': (10,), 'max_iter': 128}",0.5,0.5,0.4999999999999999,0.5,0.5,0.5,4.965068306494546e-17,58
30,0.024169158935546876,0.0001273160034342003,0.0007933139801025391,1.169330720816579e-05,0.001,"(10,)",256,"{'alpha': 0.001, 'hidden_layer_sizes': (10,), 'max_iter': 256}",0.5,0.5,0.4999999999999999,0.5,0.5,0.5,4.965068306494546e-17,58
31,0.024362993240356446,0.0002929957105480084,0.0008008480072021484,2.260982606078646e-05,0.001,"(10,)",512,"{'alpha': 0.001, 'hidden_layer_sizes': (10,), 'max_iter': 512}",0.5,0.5,0.4999999999999999,0.5,0.5,0.5,4.965068306494546e-17,58
32,0.024249982833862305,0.00018258999497999408,0.0007922649383544922,8.078133748100956e-06,0.001,"(10,)",1024,"{'alpha': 0.001, 'hidden_layer_sizes': (10,), 'max_iter': 1024}",0.5,0.5,0.4999999999999999,0.5,0.5,0.5,4.965068306494546e-17,58
33,0.024082660675048828,0.0001684969394989923,0.0008204936981201172,2.9527580342920073e-05,0.001,"(10,)",2048,"{'alpha': 0.001, 'hidden_layer_sizes': (10,), 'max_iter': 2048}",0.5,0.5,0.4999999999999999,0.5,0.5,0.5,4.965068306494546e-17,58
34,0.02422223091125488,7.61259135941554e-05,0.0007920265197753906,1.1540050333820084e-05,0.001,"(10,)",2100,"{'alpha': 0.001, 'hidden_layer_sizes': (10,), 'max_iter': 2100}",0.5,0.5,0.4999999999999999,0.5,0.5,0.5,4.965068306494546e-17,58
35,0.024082326889038087,7.308851327865289e-05,0.0007845401763916015,2.329192112316096e-06,0.001,"(10,)",2200,"{'alpha': 0.001, 'hidden_layer_sizes': (10,), 'max_iter': 2200}",0.5,0.5,0.4999999999999999,0.5,0.5,0.5,4.965068306494546e-17,58
36,0.024071216583251953,7.145687618902448e-05,0.0008324146270751953,5.742247999662841e-05,0.001,"(10,)",2300,"{'alpha': 0.001, 'hidden_layer_sizes': (10,), 'max_iter': 2300}",0.5,0.5,0.4999999999999999,0.5,0.5,0.5,4.965068306494546e-17,58
37,0.024191808700561524,7.462134367469325e-05,0.0007894039154052734,8.458989044914594e-06,0.001,"(10,)",2400,"{'alpha': 0.001, 'hidden_layer_sizes': (10,), 'max_iter': 2400}",0.5,0.5,0.4999999999999999,0.5,0.5,0.5,4.965068306494546e-17,58
38,0.02417902946472168,0.00012392908758685755,0.0007884979248046875,8.96453857421875e-06,0.001,"(10,)",2500,"{'alpha': 0.001, 'hidden_layer_sizes': (10,), 'max_iter': 2500}",0.5,0.5,0.4999999999999999,0.5,0.5,0.5,4.965068306494546e-17,58
39,0.024358749389648438,0.00020837745622822486,0.0008114814758300781,4.190272829933933e-05,0.001,"(10,)",2600,"{'alpha': 0.001, 'hidden_layer_sizes': (10,), 'max_iter': 2600}",0.5,0.5,0.4999999999999999,0.5,0.5,0.5,4.965068306494546e-17,58
40,0.0242673397064209,0.00017276341295621822,0.0007903575897216797,7.2629672106398665e-06,0.001,"(10,)",2700,"{'alpha': 0.001, 'hidden_layer_sizes': (10,), 'max_iter': 2700}",0.5,0.5,0.4999999999999999,0.5,0.5,0.5,4.965068306494546e-17,58
41,0.024190092086791994,0.00014750251310729457,0.0008041858673095703,3.339051987519644e-05,0.001,"(10,)",2800,"{'alpha': 0.001, 'hidden_layer_sizes': (10,), 'max_iter': 2800}",0.5,0.5,0.4999999999999999,0.5,0.5,0.5,4.965068306494546e-17,58
42,0.024841833114624023,0.0009172377082443655,0.0008536815643310547,0.00011702399936563728,0.001,"(10,)",2900,"{'alpha': 0.001, 'hidden_layer_sizes': (10,), 'max_iter': 2900}",0.5,0.5,0.4999999999999999,0.5,0.5,0.5,4.965068306494546e-17,58
43,0.024210309982299803,8.031027826360917e-05,0.0007897853851318359,8.100058505091124e-06,0.001,"(10,)",3000,"{'alpha': 0.001, 'hidden_layer_sizes': (10,), 'max_iter': 3000}",0.5,0.5,0.4999999999999999,0.5,0.5,0.5,4.965068306494546e-17,58
44,0.005726480484008789,0.00024175411614500106,0.0009083271026611329,2.9079014023051977e-05,0.001,"(15,)",1,"{'alpha': 0.001, 'hidden_layer_sizes': (15,), 'max_iter': 1}",0.5,0.5,0.4999999999999999,0.5,0.5,0.5,4.965068306494546e-17,58
45,0.007374286651611328,0.00015402209274547005,0.0009090423583984375,2.2821727277252375e-05,0.001,"(15,)",2,"{'alpha': 0.001, 'hidden_layer_sizes': (15,), 'max_iter': 2}",0.5,0.5,0.4999999999999999,0.5,0.5,0.5,4.965068306494546e-17,58
46,0.010764980316162109,6.033951738142114e-05,0.0009339332580566406,2.1834456261808823e-05,0.001,"(15,)",4,"{'alpha': 0.001, 'hidden_layer_sizes': (15,), 'max_iter': 4}",0.5,0.5,0.4999999999999999,0.5,0.5,0.5,4.965068306494546e-17,58
47,0.018006181716918944,0.00035443462177488195,0.0009104251861572265,2.6544287292824684e-05,0.001,"(15,)",8,"{'alpha': 0.001, 'hidden_layer_sizes': (15,), 'max_iter': 8}",0.5,0.5,0.4999999999999999,0.5,0.5,0.5,4.965068306494546e-17,58
48,0.024625873565673827,8.956502295127836e-05,0.0007948875427246094,8.110437984827148e-06,0.001,"(15,)",16,"{'alpha': 0.001, 'hidden_layer_sizes': (15,), 'max_iter': 16}",0.5,0.5,0.4999999999999999,0.5,0.5,0.5,4.965068306494546e-17,58
49,0.024731826782226563,0.00016435764111156584,0.0007924079895019531,6.961822509765625e-06,0.001,"(15,)",32,"{'alpha': 0.001, 'hidden_layer_sizes': (15,), 'max_iter': 32}",0.5,0.5,0.4999999999999999,0.5,0.5,0.5,4.965068306494546e-17,58
50,0.02471752166748047,0.00015749862761987754,0.0008125782012939453,3.105502438156323e-05,0.001,"(15,)",64,"{'alpha': 0.001, 'hidden_layer_sizes': (15,), 'max_iter': 64}",0.5,0.5,0.4999999999999999,0.5,0.5,0.5,4.965068306494546e-17,58
51,0.02471184730529785,0.00012566418859317368,0.0008053779602050781,5.080050409474973e-06,0.001,"(15,)",128,"{'alpha': 0.001, 'hidden_layer_sizes': (15,), 'max_iter': 128}",0.5,0.5,0.4999999999999999,0.5,0.5,0.5,4.965068306494546e-17,58
52,0.024720478057861327,8.375470601853628e-05,0.0007975101470947266,8.552549993428144e-06,0.001,"(15,)",256,"{'alpha': 0.001, 'hidden_layer_sizes': (15,), 'max_iter': 256}",0.5,0.5,0.4999999999999999,0.5,0.5,0.5,4.965068306494546e-17,58
53,0.024605417251586915,6.586666119301262e-05,0.0008071422576904297,3.765582766610781e-05,0.001,"(15,)",512,"{'alpha': 0.001, 'hidden_layer_sizes': (15,), 'max_iter': 512}",0.5,0.5,0.4999999999999999,0.5,0.5,0.5,4.965068306494546e-17,58
54,0.024729251861572266,5.3239888362114546e-05,0.0007892608642578125,5.743067591435368e-06,0.001,"(15,)",1024,"{'alpha': 0.001, 'hidden_layer_sizes': (15,), 'max_iter': 1024}",0.5,0.5,0.4999999999999999,0.5,0.5,0.5,4.965068306494546e-17,58
55,0.024905633926391602,0.000327686484926512,0.0007904529571533203,8.50937251985431e-06,0.001,"(15,)",2048,"{'alpha': 0.001, 'hidden_layer_sizes': (15,), 'max_iter': 2048}",0.5,0.5,0.4999999999999999,0.5,0.5,0.5,4.965068306494546e-17,58
56,0.025094079971313476,0.0003754481280986538,0.0008000850677490235,1.0717067621947444e-05,0.001,"(15,)",2100,"{'alpha': 0.001, 'hidden_layer_sizes': (15,), 'max_iter': 2100}",0.5,0.5,0.4999999999999999,0.5,0.5,0.5,4.965068306494546e-17,58
57,0.025102615356445312,0.0002712032035077939,0.0008079051971435547,4.103570933141739e-06,0.001,"(15,)",2200,"{'alpha': 0.001, 'hidden_layer_sizes': (15,), 'max_iter': 2200}",0.5,0.5,0.4999999999999999,0.5,0.5,0.5,4.965068306494546e-17,58
58,0.024797487258911132,0.00016889740422345884,0.0007985591888427735,7.786620852057217e-06,0.001,"(15,)",2300,"{'alpha': 0.001, 'hidden_layer_sizes': (15,), 'max_iter': 2300}",0.5,0.5,0.4999999999999999,0.5,0.5,0.5,4.965068306494546e-17,58
59,0.024652862548828126,0.0001380144673272853,0.0007953643798828125,1.0620738222335932e-05,0.001,"(15,)",2400,"{'alpha': 0.001, 'hidden_layer_sizes': (15,), 'max_iter': 2400}",0.5,0.5,0.4999999999999999,0.5,0.5,0.5,4.965068306494546e-17,58
60,0.02467479705810547,0.00015930804757694538,0.0008043766021728516,2.2385968388186457e-06,0.001,"(15,)",2500,"{'alpha': 0.001, 'hidden_layer_sizes': (15,), 'max_iter': 2500}",0.5,0.5,0.4999999999999999,0.5,0.5,0.5,4.965068306494546e-17,58
61,0.02528071403503418,0.0008959243737630018,0.0008463859558105469,0.00011072616748392022,0.001,"(15,)",2600,"{'alpha': 0.001, 'hidden_layer_sizes': (15,), 'max_iter': 2600}",0.5,0.5,0.4999999999999999,0.5,0.5,0.5,4.965068306494546e-17,58
62,0.024619054794311524,0.0001518087612079064,0.0008029460906982422,1.2407299191285982e-05,0.001,"(15,)",2700,"{'alpha': 0.001, 'hidden_layer_sizes': (15,), 'max_iter': 2700}",0.5,0.5,0.4999999999999999,0.5,0.5,0.5,4.965068306494546e-17,58
63,0.02482748031616211,0.00040760901013159453,0.0007946968078613281,7.773176989641011e-06,0.001,"(15,)",2800,"{'alpha': 0.001, 'hidden_layer_sizes': (15,), 'max_iter': 2800}",0.5,0.5,0.4999999999999999,0.5,0.5,0.5,4.965068306494546e-17,58
64,0.02466449737548828,0.00011290458762926688,0.0007955074310302734,7.686697815100986e-06,0.001,"(15,)",2900,"{'alpha': 0.001, 'hidden_layer_sizes': (15,), 'max_iter': 2900}",0.5,0.5,0.4999999999999999,0.5,0.5,0.5,4.965068306494546e-17,58
65,0.02462940216064453,0.0001217135042654269,0.0007928848266601562,7.3957427865376645e-06,0.001,"(15,)",3000,"{'alpha': 0.001, 'hidden_layer_sizes': (15,), 'max_iter': 3000}",0.5,0.5,0.4999999999999999,0.5,0.5,0.5,4.965068306494546e-17,58
66,0.005928802490234375,0.0001218532517407063,0.0009252548217773438,1.3174347096263889e-05,0.001,"(5, 5)",1,"{'alpha': 0.001, 'hidden_layer_sizes': (5, 5), 'max_iter': 1}",0.5,0.5,0.4999999999999999,0.5,0.5,0.5,4.965068306494546e-17,58
67,0.008057546615600587,0.00018342967934304109,0.0009386062622070313,2.271787541712618e-05,0.001,"(5, 5)",2,"{'alpha': 0.001, 'hidden_layer_sizes': (5, 5), 'max_iter': 2}",0.5,0.5,0.4999999999999999,0.5,0.5,0.5,4.965068306494546e-17,58
68,0.012026119232177734,0.0002077291373235334,0.0009263038635253906,1.9440341583964354e-05,0.001,"(5, 5)",4,"{'alpha': 0.001, 'hidden_layer_sizes': (5, 5), 'max_iter': 4}",0.5,0.5,0.4999999999999999,0.5,0.5,0.5,4.965068306494546e-17,58
69,0.02003302574157715,3.75923730301148e-05,0.0009448528289794922,2.6379483196113068e-05,0.001,"(5, 5)",8,"{'alpha': 0.001, 'hidden_layer_sizes': (5, 5), 'max_iter': 8}",0.5,0.5,0.4999999999999999,0.5,0.5,0.5,4.965068306494546e-17,58
70,0.02794985771179199,0.00017022020643185816,0.0008352756500244141,3.8276274410807646e-05,0.001,"(5, 5)",16,"{'alpha': 0.001, 'hidden_layer_sizes': (5, 5), 'max_iter': 16}",0.5,0.5,0.4999999999999999,0.5,0.5,0.5,4.965068306494546e-17,58
71,0.027861356735229492,0.00012059569023574224,0.0008073806762695313,9.0040189757707e-06,0.001,"(5, 5)",32,"{'alpha': 0.001, 'hidden_layer_sizes': (5, 5), 'max_iter': 32}",0.5,0.5,0.4999999999999999,0.5,0.5,0.5,4.965068306494546e-17,58
72,0.027980518341064454,6.652953290052994e-05,0.0008047580718994141,8.567955698625076e-06,0.001,"(5, 5)",64,"{'alpha': 0.001, 'hidden_layer_sizes': (5, 5), 'max_iter': 64}",0.5,0.5,0.4999999999999999,0.5,0.5,0.5,4.965068306494546e-17,58
73,0.02792844772338867,0.00014684251191214657,0.0008043289184570312,6.2620175715930245e-06,0.001,"(5, 5)",128,"{'alpha': 0.001, 'hidden_layer_sizes': (5, 5), 'max_iter': 128}",0.5,0.5,0.4999999999999999,0.5,0.5,0.5,4.965068306494546e-17,58
74,0.02804255485534668,0.00014483915925510898,0.0008043289184570312,2.5705017036330328e-06,0.001,"(5, 5)",256,"{'alpha': 0.001, 'hidden_layer_sizes': (5, 5), 'max_iter': 256}",0.5,0.5,0.4999999999999999,0.5,0.5,0.5,4.965068306494546e-17,58
75,0.02799835205078125,0.0001421311997705552,0.0008092403411865234,8.656137764936664e-06,0.001,"(5, 5)",512,"{'alpha': 0.001, 'hidden_layer_sizes': (5, 5), 'max_iter': 512}",0.5,0.5,0.4999999999999999,0.5,0.5,0.5,4.965068306494546e-17,58
76,0.027945661544799806,0.00014299269117615344,0.0008314132690429687,3.8271462441579496e-05,0.001,"(5, 5)",1024,"{'alpha': 0.001, 'hidden_layer_sizes': (5, 5), 'max_iter': 1024}",0.5,0.5,0.4999999999999999,0.5,0.5,0.5,4.965068306494546e-17,58
77,0.027909374237060545,0.0001599963543880351,0.0008176803588867187,3.05587520600217e-05,0.001,"(5, 5)",2048,"{'alpha': 0.001, 'hidden_layer_sizes': (5, 5), 'max_iter': 2048}",0.5,0.5,0.4999999999999999,0.5,0.5,0.5,4.965068306494546e-17,58
78,0.027858495712280273,0.00013855750647009919,0.0008218765258789062,2.9401332184904436e-05,0.001,"(5, 5)",2100,"{'alpha': 0.001, 'hidden_layer_sizes': (5, 5), 'max_iter': 2100}",0.5,0.5,0.4999999999999999,0.5,0.5,0.5,4.965068306494546e-17,58
79,0.028017616271972655,0.00010745550487396675,0.00080108642578125,2.7763226753253244e-06,0.001,"(5, 5)",2200,"{'alpha': 0.001, 'hidden_layer_sizes': (5, 5), 'max_iter': 2200}",0.5,0.5,0.4999999999999999,0.5,0.5,0.5,4.965068306494546e-17,58
80,0.02796006202697754,0.0002558280459072243,0.0008057117462158203,9.056893902045025e-06,0.001,"(5, 5)",2300,"{'alpha': 0.001, 'hidden_layer_sizes': (5, 5), 'max_iter': 2300}",0.5,0.5,0.4999999999999999,0.5,0.5,0.5,4.965068306494546e-17,58
81,0.027945852279663085,0.00011723064566499041,0.0008097648620605469,9.768297530097389e-06,0.001,"(5, 5)",2400,"{'alpha': 0.001, 'hidden_layer_sizes': (5, 5), 'max_iter': 2400}",0.5,0.5,0.4999999999999999,0.5,0.5,0.5,4.965068306494546e-17,58
82,0.027933931350708006,0.00011913741806206021,0.0008065700531005859,8.762653148286737e-06,0.001,"(5, 5)",2500,"{'alpha': 0.001, 'hidden_layer_sizes': (5, 5), 'max_iter': 2500}",0.5,0.5,0.4999999999999999,0.5,0.5,0.5,4.965068306494546e-17,58
83,0.02858262062072754,0.0009606466928979907,0.0008765697479248047,0.00011304074294705545,0.001,"(5, 5)",2600,"{'alpha': 0.001, 'hidden_layer_sizes': (5, 5), 'max_iter': 2600}",0.5,0.5,0.4999999999999999,0.5,0.5,0.5,4.965068306494546e-17,58
84,0.027976799011230468,8.885939446505694e-05,0.0008220195770263672,3.449263474575014e-05,0.001,"(5, 5)",2700,"{'alpha': 0.001, 'hidden_layer_sizes': (5, 5), 'max_iter': 2700}",0.5,0.5,0.4999999999999999,0.5,0.5,0.5,4.965068306494546e-17,58
85,0.02803659439086914,0.0001675152079430224,0.0008020401000976562,2.3066304440398834e-06,0.001,"(5, 5)",2800,"{'alpha': 0.001, 'hidden_layer_sizes': (5, 5), 'max_iter': 2800}",0.5,0.5,0.4999999999999999,0.5,0.5,0.5,4.965068306494546e-17,58
86,0.027986526489257812,8.418384132611152e-05,0.0008101940155029296,9.007553627104473e-06,0.001,"(5, 5)",2900,"{'alpha': 0.001, 'hidden_layer_sizes': (5, 5), 'max_iter': 2900}",0.5,0.5,0.4999999999999999,0.5,0.5,0.5,4.965068306494546e-17,58
87,0.028193140029907228,0.00018194618904081303,0.0008009433746337891,6.503191803448608e-07,0.001,"(5, 5)",3000,"{'alpha': 0.001, 'hidden_layer_sizes': (5, 5), 'max_iter': 3000}",0.5,0.5,0.4999999999999999,0.5,0.5,0.5,4.965068306494546e-17,58
88,0.00597529411315918,0.00010969507981058728,0.0009314537048339844,8.109596900290447e-06,0.001,"(10, 10)",1,"{'alpha': 0.001, 'hidden_layer_sizes': (10, 10), 'max_iter': 1}",0.5,0.5,0.4999999999999999,0.5,0.5,0.5,4.965068306494546e-17,58
89,0.008085107803344727,6.582228766349758e-05,0.0009579658508300781,7.862754120091433e-06,0.001,"(10, 10)",2,"{'alpha': 0.001, 'hidden_layer_sizes': (10, 10), 'max_iter': 2}",0.5,0.5,0.4999999999999999,0.5,0.5,0.5,4.965068306494546e-17,58
90,0.012473154067993163,0.0001275290616453879,0.0009449958801269531,2.6121625237686145e-05,0.001,"(10, 10)",4,"{'alpha': 0.001, 'hidden_layer_sizes': (10, 10), 'max_iter': 4}",0.5,0.5,0.4999999999999999,0.5,0.5,0.5,4.965068306494546e-17,58
91,0.02084956169128418,0.0001564913590811864,0.000941610336303711,2.1257312803570955e-05,0.001,"(10, 10)",8,"{'alpha': 0.001, 'hidden_layer_sizes': (10, 10), 'max_iter': 8}",0.5,0.5,0.4999999999999999,0.5,0.5,0.5,4.965068306494546e-17,58
92,0.029143142700195312,8.96879105450671e-05,0.0008121013641357421,9.236866242038931e-06,0.001,"(10, 10)",16,"{'alpha': 0.001, 'hidden_layer_sizes': (10, 10), 'max_iter': 16}",0.5,0.5,0.4999999999999999,0.5,0.5,0.5,4.965068306494546e-17,58
93,0.029169178009033202,0.00018748929029943867,0.0008284568786621094,2.842101470671129e-05,0.001,"(10, 10)",32,"{'alpha': 0.001, 'hidden_layer_sizes': (10, 10), 'max_iter': 32}",0.5,0.5,0.4999999999999999,0.5,0.5,0.5,4.965068306494546e-17,58
94,0.029086923599243163,0.00012226188424310498,0.0008170127868652344,9.085468569804805e-06,0.001,"(10, 10)",64,"{'alpha': 0.001, 'hidden_layer_sizes': (10, 10), 'max_iter': 64}",0.5,0.5,0.4999999999999999,0.5,0.5,0.5,4.965068306494546e-17,58
95,0.02892622947692871,9.060779328668017e-05,0.0008472442626953125,4.5750431819964274e-05,0.001,"(10, 10)",128,"{'alpha': 0.001, 'hidden_layer_sizes': (10, 10), 'max_iter': 128}",0.5,0.5,0.4999999999999999,0.5,0.5,0.5,4.965068306494546e-17,58
96,0.02900385856628418,0.00019178560039011827,0.0008326530456542969,3.258392675131643e-05,0.001,"(10, 10)",256,"{'alpha': 0.001, 'hidden_layer_sizes': (10, 10), 'max_iter': 256}",0.5,0.5,0.4999999999999999,0.5,0.5,0.5,4.965068306494546e-17,58
97,0.0290557861328125,0.0002748900832087603,0.000809478759765625,2.4192144191676752e-06,0.001,"(10, 10)",512,"{'alpha': 0.001, 'hidden_layer_sizes': (10, 10), 'max_iter': 512}",0.5,0.5,0.4999999999999999,0.5,0.5,0.5,4.965068306494546e-17,58
98,0.02922334671020508,0.000441823235997146,0.0008187294006347656,1.615345257022947e-05,0.001,"(10, 10)",1024,"{'alpha': 0.001, 'hidden_layer_sizes': (10, 10), 'max_iter': 1024}",0.5,0.5,0.4999999999999999,0.5,0.5,0.5,4.965068306494546e-17,58
99,0.029473876953125,0.0004083314646662261,0.0008368015289306641,3.072156383298757e-05,0.001,"(10, 10)",2048,"{'alpha': 0.001, 'hidden_layer_sizes': (10, 10), 'max_iter': 2048}",0.5,0.5,0.4999999999999999,0.5,0.5,0.5,4.965068306494546e-17,58
100,0.028968000411987306,0.00011814756610172403,0.0008327960968017578,4.179308360706786e-05,0.001,"(10, 10)",2100,"{'alpha': 0.001, 'hidden_layer_sizes': (10, 10), 'max_iter': 2100}",0.5,0.5,0.4999999999999999,0.5,0.5,0.5,4.965068306494546e-17,58
101,0.02917766571044922,0.0002046915353859138,0.0008509159088134766,4.183821507186608e-05,0.001,"(10, 10)",2200,"{'alpha': 0.001, 'hidden_layer_sizes': (10, 10), 'max_iter': 2200}",0.5,0.5,0.4999999999999999,0.5,0.5,0.5,4.965068306494546e-17,58
102,0.029139137268066405,0.00013340865784003628,0.000815582275390625,1.0356701098978878e-05,0.001,"(10, 10)",2300,"{'alpha': 0.001, 'hidden_layer_sizes': (10, 10), 'max_iter': 2300}",0.5,0.5,0.4999999999999999,0.5,0.5,0.5,4.965068306494546e-17,58
103,0.028937244415283205,0.00010026056600876673,0.00080718994140625,3.872669316148177e-06,0.001,"(10, 10)",2400,"{'alpha': 0.001, 'hidden_layer_sizes': (10, 10), 'max_iter': 2400}",0.5,0.5,0.4999999999999999,0.5,0.5,0.5,4.965068306494546e-17,58
104,0.02911057472229004,0.00024822141051535583,0.0008134841918945312,1.0824308520912431e-05,0.001,"(10, 10)",2500,"{'alpha': 0.001, 'hidden_layer_sizes': (10, 10), 'max_iter': 2500}",0.5,0.5,0.4999999999999999,0.5,0.5,0.5,4.965068306494546e-17,58
105,0.029056835174560546,7.820673086293359e-05,0.0008133888244628906,1.0796545209127194e-05,0.001,"(10, 10)",2600,"{'alpha': 0.001, 'hidden_layer_sizes': (10, 10), 'max_iter': 2600}",0.5,0.5,0.4999999999999999,0.5,0.5,0.5,4.965068306494546e-17,58
106,0.029009389877319335,0.00013076683325599387,0.0008120059967041016,8.364925276468418e-06,0.001,"(10, 10)",2700,"{'alpha': 0.001, 'hidden_layer_sizes': (10, 10), 'max_iter': 2700}",0.5,0.5,0.4999999999999999,0.5,0.5,0.5,4.965068306494546e-17,58
107,0.029025793075561523,0.0001514146823068579,0.0008073329925537109,3.349420419470967e-06,0.001,"(10, 10)",2800,"{'alpha': 0.001, 'hidden_layer_sizes': (10, 10), 'max_iter': 2800}",0.5,0.5,0.4999999999999999,0.5,0.5,0.5,4.965068306494546e-17,58
108,0.029148292541503907,0.0003132785074046589,0.0008398056030273438,5.8811750469297996e-05,0.001,"(10, 10)",2900,"{'alpha': 0.001, 'hidden_layer_sizes': (10, 10), 'max_iter': 2900}",0.5,0.5,0.4999999999999999,0.5,0.5,0.5,4.965068306494546e-17,58
109,0.029038047790527342,5.3799954052747866e-05,0.0008054256439208984,2.8586377691882824e-06,0.001,"(10, 10)",3000,"{'alpha': 0.001, 'hidden_layer_sizes': (10, 10), 'max_iter': 3000}",0.5,0.5,0.4999999999999999,0.5,0.5,0.5,4.965068306494546e-17,58
110,0.006089258193969727,7.606642295250031e-05,0.0009351730346679688,1.914167137503282e-05,0.001,"(15, 15)",1,"{'alpha': 0.001, 'hidden_layer_sizes': (15, 15), 'max_iter': 1}",0.5,0.5,0.4999999999999999,0.5,0.5,0.5,4.965068306494546e-17,58
111,0.008935785293579102,0.0012152822800858129,0.0009758472442626953,9.895675067684336e-05,0.001,"(15, 15)",2,"{'alpha': 0.001, 'hidden_layer_sizes': (15, 15), 'max_iter': 2}",0.5,0.5,0.4999999999999999,0.5,0.5,0.5,4.965068306494546e-17,58
112,0.012892007827758789,0.00021214366735881042,0.0009153842926025391,7.034923894184918e-06,0.001,"(15, 15)",4,"{'alpha': 0.001, 'hidden_layer_sizes': (15, 15), 'max_iter': 4}",0.5,0.5,0.4999999999999999,0.5,0.5,0.5,4.965068306494546e-17,58
113,0.021600770950317382,0.00023464285906658907,0.0009304046630859375,8.870452870281475e-06,0.001,"(15, 15)",8,"{'alpha': 0.001, 'hidden_layer_sizes': (15, 15), 'max_iter': 8}",0.5,0.5,0.7908958130477117,0.7526777020447907,0.7051282051282051,0.6497403440441415,0.1252462554539296,56
114,0.03738846778869629,0.00362167071236279,0.0009027004241943359,4.8289598240099004e-05,0.001,"(15, 15)",16,"{'alpha': 0.001, 'hidden_layer_sizes': (15, 15), 'max_iter': 16}",0.5,0.6455696202531646,0.828708211619604,0.7720707562479715,0.7120253164556961,0.6916747809152872,0.11359641346070157,19
115,0.04709949493408203,0.00864330747265374,0.0008380889892578125,3.130006470167868e-05,0.001,"(15, 15)",32,"{'alpha': 0.001, 'hidden_layer_sizes': (15, 15), 'max_iter': 32}",0.5,0.6455696202531646,0.828708211619604,0.7720707562479715,0.7120253164556961,0.6916747809152872,0.11359641346070157,19
116,0.04731316566467285,0.008408275397938833,0.0008321762084960938,1.8169060086559536e-05,0.001,"(15, 15)",64,"{'alpha': 0.001, 'hidden_layer_sizes': (15, 15), 'max_iter': 64}",0.5,0.6455696202531646,0.828708211619604,0.7720707562479715,0.7120253164556961,0.6916747809152872,0.11359641346070157,19
117,0.04722909927368164,0.008655711706673834,0.0008174419403076172,6.258385521190841e-06,0.001,"(15, 15)",128,"{'alpha': 0.001, 'hidden_layer_sizes': (15, 15), 'max_iter': 128}",0.5,0.6455696202531646,0.828708211619604,0.7720707562479715,0.7120253164556961,0.6916747809152872,0.11359641346070157,19
118,0.0471705436706543,0.008612744186019657,0.000814056396484375,2.811318010899291e-06,0.001,"(15, 15)",256,"{'alpha': 0.001, 'hidden_layer_sizes': (15, 15), 'max_iter': 256}",0.5,0.6455696202531646,0.828708211619604,0.7720707562479715,0.7120253164556961,0.6916747809152872,0.11359641346070157,19
119,0.0470583438873291,0.008726064866835092,0.0008259296417236328,9.536027881501093e-06,0.001,"(15, 15)",512,"{'alpha': 0.001, 'hidden_layer_sizes': (15, 15), 'max_iter': 512}",0.5,0.6455696202531646,0.828708211619604,0.7720707562479715,0.7120253164556961,0.6916747809152872,0.11359641346070157,19
120,0.04698033332824707,0.008674386307460206,0.0008259296417236328,1.3466239308470472e-05,0.001,"(15, 15)",1024,"{'alpha': 0.001, 'hidden_layer_sizes': (15, 15), 'max_iter': 1024}",0.5,0.6455696202531646,0.828708211619604,0.7720707562479715,0.7120253164556961,0.6916747809152872,0.11359641346070157,19
121,0.047086572647094725,0.008686108418656016,0.0008413314819335938,3.290846659623611e-05,0.001,"(15, 15)",2048,"{'alpha': 0.001, 'hidden_layer_sizes': (15, 15), 'max_iter': 2048}",0.5,0.6455696202531646,0.828708211619604,0.7720707562479715,0.7120253164556961,0.6916747809152872,0.11359641346070157,19
122,0.047088909149169925,0.00874301843624503,0.0008156299591064453,8.181614147005927e-06,0.001,"(15, 15)",2100,"{'alpha': 0.001, 'hidden_layer_sizes': (15, 15), 'max_iter': 2100}",0.5,0.6455696202531646,0.828708211619604,0.7720707562479715,0.7120253164556961,0.6916747809152872,0.11359641346070157,19
123,0.047089338302612305,0.008769510102293827,0.0008193016052246094,6.734385889144389e-06,0.001,"(15, 15)",2200,"{'alpha': 0.001, 'hidden_layer_sizes': (15, 15), 'max_iter': 2200}",0.5,0.6455696202531646,0.828708211619604,0.7720707562479715,0.7120253164556961,0.6916747809152872,0.11359641346070157,19
124,0.04718599319458008,0.00878481550779461,0.0008182525634765625,7.816348673875575e-06,0.001,"(15, 15)",2300,"{'alpha': 0.001, 'hidden_layer_sizes': (15, 15), 'max_iter': 2300}",0.5,0.6455696202531646,0.828708211619604,0.7720707562479715,0.7120253164556961,0.6916747809152872,0.11359641346070157,19
125,0.047127914428710935,0.008693943491686357,0.0008257389068603516,1.1832481328568602e-05,0.001,"(15, 15)",2400,"{'alpha': 0.001, 'hidden_layer_sizes': (15, 15), 'max_iter': 2400}",0.5,0.6455696202531646,0.828708211619604,0.7720707562479715,0.7120253164556961,0.6916747809152872,0.11359641346070157,19
126,0.04718890190124512,0.0087720705017863,0.0008335113525390625,3.8767183544135304e-05,0.001,"(15, 15)",2500,"{'alpha': 0.001, 'hidden_layer_sizes': (15, 15), 'max_iter': 2500}",0.5,0.6455696202531646,0.828708211619604,0.7720707562479715,0.7120253164556961,0.6916747809152872,0.11359641346070157,19
127,0.047040128707885744,0.008797306389718687,0.0008435249328613281,3.6290095970315984e-05,0.001,"(15, 15)",2600,"{'alpha': 0.001, 'hidden_layer_sizes': (15, 15), 'max_iter': 2600}",0.5,0.6455696202531646,0.828708211619604,0.7720707562479715,0.7120253164556961,0.6916747809152872,0.11359641346070157,19
128,0.047032499313354494,0.00874072421483549,0.0008194923400878906,1.862255150974311e-05,0.001,"(15, 15)",2700,"{'alpha': 0.001, 'hidden_layer_sizes': (15, 15), 'max_iter': 2700}",0.5,0.6455696202531646,0.828708211619604,0.7720707562479715,0.7120253164556961,0.6916747809152872,0.11359641346070157,19
129,0.047095203399658205,0.00877556174432505,0.0008269786834716797,1.3681653849056232e-05,0.001,"(15, 15)",2800,"{'alpha': 0.001, 'hidden_layer_sizes': (15, 15), 'max_iter': 2800}",0.5,0.6455696202531646,0.828708211619604,0.7720707562479715,0.7120253164556961,0.6916747809152872,0.11359641346070157,19
130,0.047266054153442386,0.008765534145371373,0.0008142948150634766,7.685218665277778e-06,0.001,"(15, 15)",2900,"{'alpha': 0.001, 'hidden_layer_sizes': (15, 15), 'max_iter': 2900}",0.5,0.6455696202531646,0.828708211619604,0.7720707562479715,0.7120253164556961,0.6916747809152872,0.11359641346070157,19
131,0.047365427017211914,0.008735348151255797,0.0008251667022705078,9.041063893250723e-06,0.001,"(15, 15)",3000,"{'alpha': 0.001, 'hidden_layer_sizes': (15, 15), 'max_iter': 3000}",0.5,0.6455696202531646,0.828708211619604,0.7720707562479715,0.7120253164556961,0.6916747809152872,0.11359641346070157,19
132,0.005810976028442383,8.871016771802677e-05,0.0008929252624511718,9.98105716638762e-06,0.01,"(5,)",1,"{'alpha': 0.01, 'hidden_layer_sizes': (5,), 'max_iter': 1}",0.5,0.5,0.4999999999999999,0.5,0.5,0.5,4.965068306494546e-17,58
133,0.007126951217651367,7.650206908047801e-05,0.0008943080902099609,5.530077698108292e-06,0.01,"(5,)",2,"{'alpha': 0.01, 'hidden_layer_sizes': (5,), 'max_iter': 2}",0.5,0.5,0.4999999999999999,0.5,0.5,0.5,4.965068306494546e-17,58
134,0.010537862777709961,0.00015905317806620407,0.0008917808532714844,8.943207706070082e-06,0.01,"(5,)",4,"{'alpha': 0.01, 'hidden_layer_sizes': (5,), 'max_iter': 4}",0.5,0.5,0.4999999999999999,0.5,0.5,0.5,4.965068306494546e-17,58
135,0.017249298095703126,0.0002438696180407316,0.0008870124816894531,7.657060529327937e-06,0.01,"(5,)",8,"{'alpha': 0.01, 'hidden_layer_sizes': (5,), 'max_iter': 8}",0.5,0.5,0.4999999999999999,0.5,0.5,0.5,4.965068306494546e-17,58
136,0.024155378341674805,0.0007577422716777191,0.0008557796478271485,7.085639725892778e-05,0.01,"(5,)",16,"{'alpha': 0.01, 'hidden_layer_sizes': (5,), 'max_iter': 16}",0.5,0.5,0.4999999999999999,0.5,0.5,0.5,4.965068306494546e-17,58
137,0.023619747161865233,0.0001076303541462045,0.0007924079895019531,1.015181718370654e-05,0.01,"(5,)",32,"{'alpha': 0.01, 'hidden_layer_sizes': (5,), 'max_iter': 32}",0.5,0.5,0.4999999999999999,0.5,0.5,0.5,4.965068306494546e-17,58
138,0.023598527908325194,0.00018017445825220925,0.0007889747619628906,1.1309588294179225e-05,0.01,"(5,)",64,"{'alpha': 0.01, 'hidden_layer_sizes': (5,), 'max_iter': 64}",0.5,0.5,0.4999999999999999,0.5,0.5,0.5,4.965068306494546e-17,58
139,0.023581695556640626,0.00013120383883631826,0.0007846355438232422,2.482302681888651e-06,0.01,"(5,)",128,"{'alpha': 0.01, 'hidden_layer_sizes': (5,), 'max_iter': 128}",0.5,0.5,0.4999999999999999,0.5,0.5,0.5,4.965068306494546e-17,58
140,0.0236055850982666,0.00018665169148730155,0.0007884502410888672,7.433155664501141e-06,0.01,"(5,)",256,"{'alpha': 0.01, 'hidden_layer_sizes': (5,), 'max_iter': 256}",0.5,0.5,0.4999999999999999,0.5,0.5,0.5,4.965068306494546e-17,58
141,0.023550796508789062,0.00017117759297336218,0.0007875442504882812,1.019852019141758e-05,0.01,"(5,)",512,"{'alpha': 0.01, 'hidden_layer_sizes': (5,), 'max_iter': 512}",0.5,0.5,0.4999999999999999,0.5,0.5,0.5,4.965068306494546e-17,58
142,0.023592424392700196,6.0853352085593585e-05,0.0008063316345214844,3.044932899679182e-05,0.01,"(5,)",1024,"{'alpha': 0.01, 'hidden_layer_sizes': (5,), 'max_iter': 1024}",0.5,0.5,0.4999999999999999,0.5,0.5,0.5,4.965068306494546e-17,58
143,0.023513984680175782,9.308020109635865e-05,0.0007921218872070313,7.150331786719072e-06,0.01,"(5,)",2048,"{'alpha': 0.01, 'hidden_layer_sizes': (5,), 'max_iter': 2048}",0.5,0.5,0.4999999999999999,0.5,0.5,0.5,4.965068306494546e-17,58
144,0.0235623836517334,8.499485579215595e-05,0.0007837295532226562,3.0285729423905216e-06,0.01,"(5,)",2100,"{'alpha': 0.01, 'hidden_layer_sizes': (5,), 'max_iter': 2100}",0.5,0.5,0.4999999999999999,0.5,0.5,0.5,4.965068306494546e-17,58
145,0.02364969253540039,0.00011641664528094464,0.0007912158966064453,1.061388530346469e-05,0.01,"(5,)",2200,"{'alpha': 0.01, 'hidden_layer_sizes': (5,), 'max_iter': 2200}",0.5,0.5,0.4999999999999999,0.5,0.5,0.5,4.965068306494546e-17,58
146,0.023581171035766603,8.823737295736912e-05,0.0008101940155029296,2.6466996698766696e-05,0.01,"(5,)",2300,"{'alpha': 0.01, 'hidden_layer_sizes': (5,), 'max_iter': 2300}",0.5,0.5,0.4999999999999999,0.5,0.5,0.5,4.965068306494546e-17,58
147,0.02360191345214844,0.0001569275072151256,0.0007944107055664062,9.1311514490251e-06,0.01,"(5,)",2400,"{'alpha': 0.01, 'hidden_layer_sizes': (5,), 'max_iter': 2400}",0.5,0.5,0.4999999999999999,0.5,0.5,0.5,4.965068306494546e-17,58
148,0.023478889465332033,0.0001026344325900897,0.0008248329162597656,3.6820536655762394e-05,0.01,"(5,)",2500,"{'alpha': 0.01, 'hidden_layer_sizes': (5,), 'max_iter': 2500}",0.5,0.5,0.4999999999999999,0.5,0.5,0.5,4.965068306494546e-17,58
149,0.023636245727539064,0.0001310087508370542,0.0007909774780273437,6.673335603153151e-06,0.01,"(5,)",2600,"{'alpha': 0.01, 'hidden_layer_sizes': (5,), 'max_iter': 2600}",0.5,0.5,0.4999999999999999,0.5,0.5,0.5,4.965068306494546e-17,58
150,0.023609256744384764,0.00013296667213078382,0.0007999897003173828,3.2196431926010395e-05,0.01,"(5,)",2700,"{'alpha': 0.01, 'hidden_layer_sizes': (5,), 'max_iter': 2700}",0.5,0.5,0.4999999999999999,0.5,0.5,0.5,4.965068306494546e-17,58
151,0.023551177978515626,5.262225896614439e-05,0.0007895469665527344,8.730939149318244e-06,0.01,"(5,)",2800,"{'alpha': 0.01, 'hidden_layer_sizes': (5,), 'max_iter': 2800}",0.5,0.5,0.4999999999999999,0.5,0.5,0.5,4.965068306494546e-17,58
152,0.023661470413208006,0.00022820519725421629,0.0007920265197753906,1.9047242229184284e-05,0.01,"(5,)",2900,"{'alpha': 0.01, 'hidden_layer_sizes': (5,), 'max_iter': 2900}",0.5,0.5,0.4999999999999999,0.5,0.5,0.5,4.965068306494546e-17,58
153,0.023572492599487304,0.0001434861879545062,0.0007915496826171875,9.093723426556555e-06,0.01,"(5,)",3000,"{'alpha': 0.01, 'hidden_layer_sizes': (5,), 'max_iter': 3000}",0.5,0.5,0.4999999999999999,0.5,0.5,0.5,4.965068306494546e-17,58
154,0.005518198013305664,6.96897139664983e-05,0.0009015560150146485,2.072218203990763e-05,0.01,"(10,)",1,"{'alpha': 0.01, 'hidden_layer_sizes': (10,), 'max_iter': 1}",0.5,0.5,0.4999999999999999,0.5,0.5,0.5,4.965068306494546e-17,58
155,0.007357740402221679,0.00013914461242507702,0.0008921623229980469,1.0089360460204353e-05,0.01,"(10,)",2,"{'alpha': 0.01, 'hidden_layer_sizes': (10,), 'max_iter': 2}",0.5,0.5,0.4999999999999999,0.5,0.5,0.5,4.965068306494546e-17,58
156,0.010816192626953125,0.00027145860732438206,0.0008967399597167968,3.087990956950561e-05,0.01,"(10,)",4,"{'alpha': 0.01, 'hidden_layer_sizes': (10,), 'max_iter': 4}",0.5,0.5,0.4999999999999999,0.5,0.5,0.5,4.965068306494546e-17,58
157,0.017451143264770506,0.00010098749090446027,0.000896453857421875,1.4586073773028582e-05,0.01,"(10,)",8,"{'alpha': 0.01, 'hidden_layer_sizes': (10,), 'max_iter': 8}",0.5,0.5,0.4999999999999999,0.5,0.5,0.5,4.965068306494546e-17,58
158,0.02414731979370117,0.0001045647896669254,0.0008127212524414063,3.1090148385360614e-05,0.01,"(10,)",16,"{'alpha': 0.01, 'hidden_layer_sizes': (10,), 'max_iter': 16}",0.5,0.5,0.4999999999999999,0.5,0.5,0.5,4.965068306494546e-17,58
159,0.024109315872192384,0.00012389816890191952,0.0008031368255615234,1.6131338338704613e-05,0.01,"(10,)",32,"{'alpha': 0.01, 'hidden_layer_sizes': (10,), 'max_iter': 32}",0.5,0.5,0.4999999999999999,0.5,0.5,0.5,4.965068306494546e-17,58
160,0.024170684814453124,0.0001327958868506227,0.0008008480072021484,2.935512719376813e-05,0.01,"(10,)",64,"{'alpha': 0.01, 'hidden_layer_sizes': (10,), 'max_iter': 64}",0.5,0.5,0.4999999999999999,0.5,0.5,0.5,4.965068306494546e-17,58
161,0.024370145797729493,0.0001510295718695652,0.0007950305938720703,1.00934161223589e-05,0.01,"(10,)",128,"{'alpha': 0.01, 'hidden_layer_sizes': (10,), 'max_iter': 128}",0.5,0.5,0.4999999999999999,0.5,0.5,0.5,4.965068306494546e-17,58
162,0.02424445152282715,0.00020527330695742135,0.0007912158966064453,9.739158200167953e-06,0.01,"(10,)",256,"{'alpha': 0.01, 'hidden_layer_sizes': (10,), 'max_iter': 256}",0.5,0.5,0.4999999999999999,0.5,0.5,0.5,4.965068306494546e-17,58
163,0.02416691780090332,0.00010356949179109421,0.0008090972900390625,3.171293342271393e-05,0.01,"(10,)",512,"{'alpha': 0.01, 'hidden_layer_sizes': (10,), 'max_iter': 512}",0.5,0.5,0.4999999999999999,0.5,0.5,0.5,4.965068306494546e-17,58
164,0.024112224578857422,8.2741209084458e-05,0.0008092403411865234,3.185629110843337e-05,0.01,"(10,)",1024,"{'alpha': 0.01, 'hidden_layer_sizes': (10,), 'max_iter': 1024}",0.5,0.5,0.4999999999999999,0.5,0.5,0.5,4.965068306494546e-17,58
165,0.024173831939697264,0.00020400426677503772,0.0007869243621826172,1.5713936856540756e-06,0.01,"(10,)",2048,"{'alpha': 0.01, 'hidden_layer_sizes': (10,), 'max_iter': 2048}",0.5,0.5,0.4999999999999999,0.5,0.5,0.5,4.965068306494546e-17,58
166,0.024600458145141602,0.000503553007421246,0.0008339405059814454,3.9741280577546214e-05,0.01,"(10,)",2100,"{'alpha': 0.01, 'hidden_layer_sizes': (10,), 'max_iter': 2100}",0.5,0.5,0.4999999999999999,0.5,0.5,0.5,4.965068306494546e-17,58
167,0.024285173416137694,0.00014080369090955247,0.0008214473724365235,4.620023033791415e-05,0.01,"(10,)",2200,"{'alpha': 0.01, 'hidden_layer_sizes': (10,), 'max_iter': 2200}",0.5,0.5,0.4999999999999999,0.5,0.5,0.5,4.965068306494546e-17,58
168,0.024196624755859375,0.00011857963210401116,0.0008255481719970703,3.508290302928602e-05,0.01,"(10,)",2300,"{'alpha': 0.01, 'hidden_layer_sizes': (10,), 'max_iter': 2300}",0.5,0.5,0.4999999999999999,0.5,0.5,0.5,4.965068306494546e-17,58
169,0.02416372299194336,0.00022538514220212975,0.0007856845855712891,2.2947710829765256e-06,0.01,"(10,)",2400,"{'alpha': 0.01, 'hidden_layer_sizes': (10,), 'max_iter': 2400}",0.5,0.5,0.4999999999999999,0.5,0.5,0.5,4.965068306494546e-17,58
170,0.024243497848510744,0.00010437840138150436,0.0008067131042480469,1.6406663262535276e-05,0.01,"(10,)",2500,"{'alpha': 0.01, 'hidden_layer_sizes': (10,), 'max_iter': 2500}",0.5,0.5,0.4999999999999999,0.5,0.5,0.5,4.965068306494546e-17,58
171,0.02423434257507324,9.655798216164837e-05,0.0007947444915771485,6.334221244060924e-06,0.01,"(10,)",2600,"{'alpha': 0.01, 'hidden_layer_sizes': (10,), 'max_iter': 2600}",0.5,0.5,0.4999999999999999,0.5,0.5,0.5,4.965068306494546e-17,58
172,0.02428898811340332,9.935261214332752e-05,0.0008120536804199219,3.318800323282654e-05,0.01,"(10,)",2700,"{'alpha': 0.01, 'hidden_layer_sizes': (10,), 'max_iter': 2700}",0.5,0.5,0.4999999999999999,0.5,0.5,0.5,4.965068306494546e-17,58
173,0.024225473403930664,0.00011702180379323407,0.0007983207702636719,1.082283801233925e-05,0.01,"(10,)",2800,"{'alpha': 0.01, 'hidden_layer_sizes': (10,), 'max_iter': 2800}",0.5,0.5,0.4999999999999999,0.5,0.5,0.5,4.965068306494546e-17,58
174,0.024214887619018556,0.00019271594232347762,0.0008028030395507812,1.7188243407934656e-05,0.01,"(10,)",2900,"{'alpha': 0.01, 'hidden_layer_sizes': (10,), 'max_iter': 2900}",0.5,0.5,0.4999999999999999,0.5,0.5,0.5,4.965068306494546e-17,58
175,0.024127817153930663,0.0001583190277660456,0.000811004638671875,3.1785980703016356e-05,0.01,"(10,)",3000,"{'alpha': 0.01, 'hidden_layer_sizes': (10,), 'max_iter': 3000}",0.5,0.5,0.4999999999999999,0.5,0.5,0.5,4.965068306494546e-17,58
176,0.005576229095458985,9.332893375601667e-05,0.000899648666381836,1.1087463702990772e-05,0.01,"(15,)",1,"{'alpha': 0.01, 'hidden_layer_sizes': (15,), 'max_iter': 1}",0.5,0.5,0.4999999999999999,0.5,0.5,0.5,4.965068306494546e-17,58
177,0.007353639602661133,0.00018128095791224665,0.0008892536163330079,7.502271630594141e-06,0.01,"(15,)",2,"{'alpha': 0.01, 'hidden_layer_sizes': (15,), 'max_iter': 2}",0.5,0.5,0.4999999999999999,0.5,0.5,0.5,4.965068306494546e-17,58
178,0.010797405242919922,0.00013930213045362192,0.0008953094482421875,8.216832673610515e-06,0.01,"(15,)",4,"{'alpha': 0.01, 'hidden_layer_sizes': (15,), 'max_iter': 4}",0.5,0.5,0.4999999999999999,0.5,0.5,0.5,4.965068306494546e-17,58
179,0.01790452003479004,0.00015815855452247572,0.0008909702301025391,9.625734919636893e-06,0.01,"(15,)",8,"{'alpha': 0.01, 'hidden_layer_sizes': (15,), 'max_iter': 8}",0.5,0.5,0.4999999999999999,0.5,0.5,0.5,4.965068306494546e-17,58
180,0.024730157852172852,0.00011164074648595196,0.000794076919555664,7.52526993574924e-06,0.01,"(15,)",16,"{'alpha': 0.01, 'hidden_layer_sizes': (15,), 'max_iter': 16}",0.5,0.5,0.4999999999999999,0.5,0.5,0.5,4.965068306494546e-17,58
181,0.024722719192504884,0.00010251639603817023,0.0008121013641357421,2.1945080075857167e-05,0.01,"(15,)",32,"{'alpha': 0.01, 'hidden_layer_sizes': (15,), 'max_iter': 32}",0.5,0.5,0.4999999999999999,0.5,0.5,0.5,4.965068306494546e-17,58
182,0.024685144424438477,9.720954390467951e-05,0.0008280277252197266,2.9802131652221677e-05,0.01,"(15,)",64,"{'alpha': 0.01, 'hidden_layer_sizes': (15,), 'max_iter': 64}",0.5,0.5,0.4999999999999999,0.5,0.5,0.5,4.965068306494546e-17,58
183,0.02459430694580078,0.00018749489302311218,0.0008043766021728516,1.3989625348843605e-05,0.01,"(15,)",128,"{'alpha': 0.01, 'hidden_layer_sizes': (15,), 'max_iter': 128}",0.5,0.5,0.4999999999999999,0.5,0.5,0.5,4.965068306494546e-17,58
184,0.02457575798034668,0.00016145930088696487,0.0007953643798828125,5.9994377088743604e-06,0.01,"(15,)",256,"{'alpha': 0.01, 'hidden_layer_sizes': (15,), 'max_iter': 256}",0.5,0.5,0.4999999999999999,0.5,0.5,0.5,4.965068306494546e-17,58
185,0.02464132308959961,0.00022533627961620123,0.0008027076721191407,1.728493591345964e-06,0.01,"(15,)",512,"{'alpha': 0.01, 'hidden_layer_sizes': (15,), 'max_iter': 512}",0.5,0.5,0.4999999999999999,0.5,0.5,0.5,4.965068306494546e-17,58
186,0.024798107147216798,0.0005693318734813234,0.0008111476898193359,2.071164578294587e-05,0.01,"(15,)",1024,"{'alpha': 0.01, 'hidden_layer_sizes': (15,), 'max_iter': 1024}",0.5,0.5,0.4999999999999999,0.5,0.5,0.5,4.965068306494546e-17,58
187,0.02468104362487793,0.00012932852265294827,0.0007900714874267579,5.912396203117861e-06,0.01,"(15,)",2048,"{'alpha': 0.01, 'hidden_layer_sizes': (15,), 'max_iter': 2048}",0.5,0.5,0.4999999999999999,0.5,0.5,0.5,4.965068306494546e-17,58
188,0.02467055320739746,0.00022329884459759632,0.0007950305938720703,7.049453206091434e-06,0.01,"(15,)",2100,"{'alpha': 0.01, 'hidden_layer_sizes': (15,), 'max_iter': 2100}",0.5,0.5,0.4999999999999999,0.5,0.5,0.5,4.965068306494546e-17,58
189,0.024781465530395508,0.0002752149422914216,0.0007964134216308594,5.975894030612828e-06,0.01,"(15,)",2200,"{'alpha': 0.01, 'hidden_layer_sizes': (15,), 'max_iter': 2200}",0.5,0.5,0.4999999999999999,0.5,0.5,0.5,4.965068306494546e-17,58
190,0.025184202194213866,0.0010389010661072165,0.0008472442626953125,0.00010087552912297109,0.01,"(15,)",2300,"{'alpha': 0.01, 'hidden_layer_sizes': (15,), 'max_iter': 2300}",0.5,0.5,0.4999999999999999,0.5,0.5,0.5,4.965068306494546e-17,58
191,0.024750614166259767,0.0001497089928083179,0.0008200168609619141,3.094581314628502e-05,0.01,"(15,)",2400,"{'alpha': 0.01, 'hidden_layer_sizes': (15,), 'max_iter': 2400}",0.5,0.5,0.4999999999999999,0.5,0.5,0.5,4.965068306494546e-17,58
192,0.024668264389038085,7.183063935541346e-05,0.000796365737915039,1.0801598391763143e-05,0.01,"(15,)",2500,"{'alpha': 0.01, 'hidden_layer_sizes': (15,), 'max_iter': 2500}",0.5,0.5,0.4999999999999999,0.5,0.5,0.5,4.965068306494546e-17,58
193,0.024647331237792967,0.00015353872166246,0.0007954597473144531,7.009019640168283e-06,0.01,"(15,)",2600,"{'alpha': 0.01, 'hidden_layer_sizes': (15,), 'max_iter': 2600}",0.5,0.5,0.4999999999999999,0.5,0.5,0.5,4.965068306494546e-17,58
194,0.02465500831604004,0.00019830175478783248,0.0007896900177001953,6.64396909614645e-06,0.01,"(15,)",2700,"{'alpha': 0.01, 'hidden_layer_sizes': (15,), 'max_iter': 2700}",0.5,0.5,0.4999999999999999,0.5,0.5,0.5,4.965068306494546e-17,58
195,0.024656009674072266,0.00011319891181042123,0.0007979393005371094,1.0737203937559181e-05,0.01,"(15,)",2800,"{'alpha': 0.01, 'hidden_layer_sizes': (15,), 'max_iter': 2800}",0.5,0.5,0.4999999999999999,0.5,0.5,0.5,4.965068306494546e-17,58
196,0.024718189239501955,0.0001315900888425034,0.0008011341094970703,1.2161123856588906e-05,0.01,"(15,)",2900,"{'alpha': 0.01, 'hidden_layer_sizes': (15,), 'max_iter': 2900}",0.5,0.5,0.4999999999999999,0.5,0.5,0.5,4.965068306494546e-17,58
197,0.024666309356689453,0.00013767990698157086,0.000797271728515625,1.1615659215387386e-05,0.01,"(15,)",3000,"{'alpha': 0.01, 'hidden_layer_sizes': (15,), 'max_iter': 3000}",0.5,0.5,0.4999999999999999,0.5,0.5,0.5,4.965068306494546e-17,58
198,0.0059931278228759766,0.00021518087107650418,0.0008630752563476562,0.00011082407506636107,0.01,"(5, 5)",1,"{'alpha': 0.01, 'hidden_layer_sizes': (5, 5), 'max_iter': 1}",0.5,0.5,0.4999999999999999,0.5,0.5,0.5,4.965068306494546e-17,58
199,0.008156681060791015,0.0002318477001004159,0.0009033679962158203,1.2361951596143559e-05,0.01,"(5, 5)",2,"{'alpha': 0.01, 'hidden_layer_sizes': (5, 5), 'max_iter': 2}",0.5,0.5,0.4999999999999999,0.5,0.5,0.5,4.965068306494546e-17,58
200,0.011952066421508789,0.00016600971811844546,0.0009197235107421875,1.1388923868976654e-05,0.01,"(5, 5)",4,"{'alpha': 0.01, 'hidden_layer_sizes': (5, 5), 'max_iter': 4}",0.5,0.5,0.4999999999999999,0.5,0.5,0.5,4.965068306494546e-17,58
201,0.019896316528320312,0.00015588713234779156,0.0009192943572998047,1.0296149884235976e-05,0.01,"(5, 5)",8,"{'alpha': 0.01, 'hidden_layer_sizes': (5, 5), 'max_iter': 8}",0.5,0.5,0.4999999999999999,0.5,0.5,0.5,4.965068306494546e-17,58
202,0.027872657775878905,7.005054331694107e-05,0.0008009433746337891,6.032696784311617e-06,0.01,"(5, 5)",16,"{'alpha': 0.01, 'hidden_layer_sizes': (5, 5), 'max_iter': 16}",0.5,0.5,0.4999999999999999,0.5,0.5,0.5,4.965068306494546e-17,58
203,0.02792801856994629,0.00016059876904068473,0.0008417606353759765,4.513776909193842e-05,0.01,"(5, 5)",32,"{'alpha': 0.01, 'hidden_layer_sizes': (5, 5), 'max_iter': 32}",0.5,0.5,0.4999999999999999,0.5,0.5,0.5,4.965068306494546e-17,58
204,0.027912425994873046,0.00014564088459997348,0.0008037090301513672,1.1812672204861672e-05,0.01,"(5, 5)",64,"{'alpha': 0.01, 'hidden_layer_sizes': (5, 5), 'max_iter': 64}",0.5,0.5,0.4999999999999999,0.5,0.5,0.5,4.965068306494546e-17,58
205,0.028417491912841798,0.0003966021393809745,0.0008076667785644531,5.525141596828839e-06,0.01,"(5, 5)",128,"{'alpha': 0.01, 'hidden_layer_sizes': (5, 5), 'max_iter': 128}",0.5,0.5,0.4999999999999999,0.5,0.5,0.5,4.965068306494546e-17,58
206,0.028305816650390624,0.0001339645460965087,0.0008112907409667969,7.961038769723867e-06,0.01,"(5, 5)",256,"{'alpha': 0.01, 'hidden_layer_sizes': (5, 5), 'max_iter': 256}",0.5,0.5,0.4999999999999999,0.5,0.5,0.5,4.965068306494546e-17,58
207,0.028362035751342773,0.00027123112041149407,0.0008173942565917969,1.2792750940943887e-05,0.01,"(5, 5)",512,"{'alpha': 0.01, 'hidden_layer_sizes': (5, 5), 'max_iter': 512}",0.5,0.5,0.4999999999999999,0.5,0.5,0.5,4.965068306494546e-17,58
208,0.028106117248535158,0.00019138307098068514,0.0008130073547363281,5.3673312436123694e-06,0.01,"(5, 5)",1024,"{'alpha': 0.01, 'hidden_layer_sizes': (5, 5), 'max_iter': 1024}",0.5,0.5,0.4999999999999999,0.5,0.5,0.5,4.965068306494546e-17,58
209,0.028313064575195314,6.651008371319458e-05,0.000811624526977539,8.244457928633016e-06,0.01,"(5, 5)",2048,"{'alpha': 0.01, 'hidden_layer_sizes': (5, 5), 'max_iter': 2048}",0.5,0.5,0.4999999999999999,0.5,0.5,0.5,4.965068306494546e-17,58
210,0.028220415115356445,0.00010295233383638795,0.0008077621459960938,1.168202379731474e-05,0.01,"(5, 5)",2100,"{'alpha': 0.01, 'hidden_layer_sizes': (5, 5), 'max_iter': 2100}",0.5,0.5,0.4999999999999999,0.5,0.5,0.5,4.965068306494546e-17,58
211,0.028198719024658203,0.0002566402970313563,0.0008490085601806641,3.821337404363908e-05,0.01,"(5, 5)",2200,"{'alpha': 0.01, 'hidden_layer_sizes': (5, 5), 'max_iter': 2200}",0.5,0.5,0.4999999999999999,0.5,0.5,0.5,4.965068306494546e-17,58
212,0.028434610366821288,0.0003258106770112815,0.0008302211761474609,3.744140426753143e-05,0.01,"(5, 5)",2300,"{'alpha': 0.01, 'hidden_layer_sizes': (5, 5), 'max_iter': 2300}",0.5,0.5,0.4999999999999999,0.5,0.5,0.5,4.965068306494546e-17,58
213,0.028240394592285157,0.0002358104818990167,0.0008280754089355468,3.35441977488349e-05,0.01,"(5, 5)",2400,"{'alpha': 0.01, 'hidden_layer_sizes': (5, 5), 'max_iter': 2400}",0.5,0.5,0.4999999999999999,0.5,0.5,0.5,4.965068306494546e-17,58
214,0.028224849700927736,0.00013664147961329936,0.000821685791015625,1.6282435492481112e-06,0.01,"(5, 5)",2500,"{'alpha': 0.01, 'hidden_layer_sizes': (5, 5), 'max_iter': 2500}",0.5,0.5,0.4999999999999999,0.5,0.5,0.5,4.965068306494546e-17,58
215,0.02824535369873047,0.00037018682714763,0.0008230209350585938,3.4812378403556783e-06,0.01,"(5, 5)",2600,"{'alpha': 0.01, 'hidden_layer_sizes': (5, 5), 'max_iter': 2600}",0.5,0.5,0.4999999999999999,0.5,0.5,0.5,4.965068306494546e-17,58
216,0.028255128860473634,0.00018584250938888074,0.0008206367492675781,1.5577329245830855e-05,0.01,"(5, 5)",2700,"{'alpha': 0.01, 'hidden_layer_sizes': (5, 5), 'max_iter': 2700}",0.5,0.5,0.4999999999999999,0.5,0.5,0.5,4.965068306494546e-17,58
217,0.028193092346191405,0.0005468886631630269,0.0008260726928710938,5.315342109311485e-05,0.01,"(5, 5)",2800,"{'alpha': 0.01, 'hidden_layer_sizes': (5, 5), 'max_iter': 2800}",0.5,0.5,0.4999999999999999,0.5,0.5,0.5,4.965068306494546e-17,58
218,0.027828168869018555,0.00019134955300504223,0.0008126735687255859,4.392977322246742e-05,0.01,"(5, 5)",2900,"{'alpha': 0.01, 'hidden_layer_sizes': (5, 5), 'max_iter': 2900}",0.5,0.5,0.4999999999999999,0.5,0.5,0.5,4.965068306494546e-17,58
219,0.02796144485473633,0.00012240228737062214,0.0007925033569335938,2.241641859730369e-06,0.01,"(5, 5)",3000,"{'alpha': 0.01, 'hidden_layer_sizes': (5, 5), 'max_iter': 3000}",0.5,0.5,0.4999999999999999,0.5,0.5,0.5,4.965068306494546e-17,58
220,0.006038665771484375,0.0002027043677063402,0.0009162425994873047,6.220851996345685e-06,0.01,"(10, 10)",1,"{'alpha': 0.01, 'hidden_layer_sizes': (10, 10), 'max_iter': 1}",0.5,0.5,0.4999999999999999,0.5,0.5,0.5,4.965068306494546e-17,58
221,0.008149528503417968,0.00011121664257894296,0.0009126663208007812,1.7364992610790663e-05,0.01,"(10, 10)",2,"{'alpha': 0.01, 'hidden_layer_sizes': (10, 10), 'max_iter': 2}",0.5,0.5,0.4999999999999999,0.5,0.5,0.5,4.965068306494546e-17,58
222,0.012430286407470703,0.0002521057761966518,0.0009255409240722656,1.949091934544269e-05,0.01,"(10, 10)",4,"{'alpha': 0.01, 'hidden_layer_sizes': (10, 10), 'max_iter': 4}",0.5,0.5,0.4999999999999999,0.5,0.5,0.5,4.965068306494546e-17,58
223,0.020714950561523438,0.00013157935818557915,0.0009136199951171875,8.323506407010978e-06,0.01,"(10, 10)",8,"{'alpha': 0.01, 'hidden_layer_sizes': (10, 10), 'max_iter': 8}",0.5,0.5,0.4999999999999999,0.5,0.5,0.5,4.965068306494546e-17,58
224,0.02907562255859375,0.0002030507334535353,0.0008005619049072266,4.71176884728837e-06,0.01,"(10, 10)",16,"{'alpha': 0.01, 'hidden_layer_sizes': (10, 10), 'max_iter': 16}",0.5,0.5,0.4999999999999999,0.5,0.5,0.5,4.965068306494546e-17,58
225,0.0289365291595459,0.000138375941494987,0.0007993698120117188,4.274014633235275e-06,0.01,"(10, 10)",32,"{'alpha': 0.01, 'hidden_layer_sizes': (10, 10), 'max_iter': 32}",0.5,0.5,0.4999999999999999,0.5,0.5,0.5,4.965068306494546e-17,58
226,0.02890934944152832,0.00012835005512413567,0.0008188247680664063,2.723220308529275e-05,0.01,"(10, 10)",64,"{'alpha': 0.01, 'hidden_layer_sizes': (10, 10), 'max_iter': 64}",0.5,0.5,0.4999999999999999,0.5,0.5,0.5,4.965068306494546e-17,58
227,0.0289309024810791,9.40599217151969e-05,0.0008130073547363281,2.951387047852284e-05,0.01,"(10, 10)",128,"{'alpha': 0.01, 'hidden_layer_sizes': (10, 10), 'max_iter': 128}",0.5,0.5,0.4999999999999999,0.5,0.5,0.5,4.965068306494546e-17,58
228,0.029160165786743165,0.00017695924843907207,0.0008008480072021484,6.33852730930609e-06,0.01,"(10, 10)",256,"{'alpha': 0.01, 'hidden_layer_sizes': (10, 10), 'max_iter': 256}",0.5,0.5,0.4999999999999999,0.5,0.5,0.5,4.965068306494546e-17,58
229,0.02900247573852539,0.0001521737767589917,0.0007999897003173828,4.875878536668479e-06,0.01,"(10, 10)",512,"{'alpha': 0.01, 'hidden_layer_sizes': (10, 10), 'max_iter': 512}",0.5,0.5,0.4999999999999999,0.5,0.5,0.5,4.965068306494546e-17,58
230,0.02894878387451172,9.772230499676447e-05,0.0008226394653320313,4.726719134162432e-05,0.01,"(10, 10)",1024,"{'alpha': 0.01, 'hidden_layer_sizes': (10, 10), 'max_iter': 1024}",0.5,0.5,0.4999999999999999,0.5,0.5,0.5,4.965068306494546e-17,58
231,0.028956174850463867,0.0001900844810242457,0.0008178234100341796,3.3253503435429e-05,0.01,"(10, 10)",2048,"{'alpha': 0.01, 'hidden_layer_sizes': (10, 10), 'max_iter': 2048}",0.5,0.5,0.4999999999999999,0.5,0.5,0.5,4.965068306494546e-17,58
232,0.029173564910888673,0.00031048992229568844,0.0008229732513427735,3.6993898281639464e-05,0.01,"(10, 10)",2100,"{'alpha': 0.01, 'hidden_layer_sizes': (10, 10), 'max_iter': 2100}",0.5,0.5,0.4999999999999999,0.5,0.5,0.5,4.965068306494546e-17,58
233,0.02893972396850586,0.00018227551787121217,0.0008037567138671875,1.0683068035539973e-05,0.01,"(10, 10)",2200,"{'alpha': 0.01, 'hidden_layer_sizes': (10, 10), 'max_iter': 2200}",0.5,0.5,0.4999999999999999,0.5,0.5,0.5,4.965068306494546e-17,58
234,0.02924213409423828,0.00011076277493338388,0.0008018016815185547,6.595194016273539e-06,0.01,"(10, 10)",2300,"{'alpha': 0.01, 'hidden_layer_sizes': (10, 10), 'max_iter': 2300}",0.5,0.5,0.4999999999999999,0.5,0.5,0.5,4.965068306494546e-17,58
235,0.029156970977783202,0.00010339402065121435,0.0007974624633789063,4.038785396167698e-06,0.01,"(10, 10)",2400,"{'alpha': 0.01, 'hidden_layer_sizes': (10, 10), 'max_iter': 2400}",0.5,0.5,0.4999999999999999,0.5,0.5,0.5,4.965068306494546e-17,58
236,0.028952264785766603,0.00019421283013509302,0.0008146762847900391,1.878217925189126e-05,0.01,"(10, 10)",2500,"{'alpha': 0.01, 'hidden_layer_sizes': (10, 10), 'max_iter': 2500}",0.5,0.5,0.4999999999999999,0.5,0.5,0.5,4.965068306494546e-17,58
237,0.028955602645874025,0.00013031128139056136,0.0008217334747314453,2.7353002055834416e-05,0.01,"(10, 10)",2600,"{'alpha': 0.01, 'hidden_layer_sizes': (10, 10), 'max_iter': 2600}",0.5,0.5,0.4999999999999999,0.5,0.5,0.5,4.965068306494546e-17,58
238,0.029129409790039064,0.0001982786493619857,0.0008230209350585938,3.393392464650537e-05,0.01,"(10, 10)",2700,"{'alpha': 0.01, 'hidden_layer_sizes': (10, 10), 'max_iter': 2700}",0.5,0.5,0.4999999999999999,0.5,0.5,0.5,4.965068306494546e-17,58
239,0.029020118713378906,0.0001891759946542826,0.0008162021636962891,2.7892569087789124e-05,0.01,"(10, 10)",2800,"{'alpha': 0.01, 'hidden_layer_sizes': (10, 10), 'max_iter': 2800}",0.5,0.5,0.4999999999999999,0.5,0.5,0.5,4.965068306494546e-17,58
240,0.029106855392456055,0.00014473818362500208,0.000807952880859375,1.3865552190023678e-05,0.01,"(10, 10)",2900,"{'alpha': 0.01, 'hidden_layer_sizes': (10, 10), 'max_iter': 2900}",0.5,0.5,0.4999999999999999,0.5,0.5,0.5,4.965068306494546e-17,58
241,0.02919149398803711,0.00019384571220173218,0.0008023738861083985,5.016091199783758e-06,0.01,"(10, 10)",3000,"{'alpha': 0.01, 'hidden_layer_sizes': (10, 10), 'max_iter': 3000}",0.5,0.5,0.4999999999999999,0.5,0.5,0.5,4.965068306494546e-17,58
242,0.00601959228515625,8.991801119457949e-05,0.0009188652038574219,5.333333553974318e-06,0.01,"(15, 15)",1,"{'alpha': 0.01, 'hidden_layer_sizes': (15, 15), 'max_iter': 1}",0.5,0.5,0.4999999999999999,0.5,0.5,0.5,4.965068306494546e-17,58
243,0.00842270851135254,0.0001360389419726441,0.0009265899658203125,2.3375041914627946e-05,0.01,"(15, 15)",2,"{'alpha': 0.01, 'hidden_layer_sizes': (15, 15), 'max_iter': 2}",0.5,0.5,0.4999999999999999,0.5,0.5,0.5,4.965068306494546e-17,58
244,0.0126922607421875,0.00011541009830300345,0.0009470939636230469,1.3289649210467707e-05,0.01,"(15, 15)",4,"{'alpha': 0.01, 'hidden_layer_sizes': (15, 15), 'max_iter': 4}",0.5,0.5,0.4999999999999999,0.5,0.5,0.5,4.965068306494546e-17,58
245,0.02209811210632324,0.00033250096091968535,0.0009361743927001953,1.6857795288514986e-05,0.01,"(15, 15)",8,"{'alpha': 0.01, 'hidden_layer_sizes': (15, 15), 'max_iter': 8}",0.5,0.5,0.7908958130477117,0.7526777020447907,0.7051282051282051,0.6497403440441415,0.1252462554539296,56
246,0.037584543228149414,0.0033749210805194443,0.0008966922760009766,4.7379236861186326e-05,0.01,"(15, 15)",16,"{'alpha': 0.01, 'hidden_layer_sizes': (15, 15), 'max_iter': 16}",0.5,0.6455696202531646,0.8288704965920155,0.765741642323921,0.7120253164556961,0.6904414151249594,0.1127652518983544,37
247,0.04721088409423828,0.008646889400740477,0.0008097648620605469,9.976727928636185e-06,0.01,"(15, 15)",32,"{'alpha': 0.01, 'hidden_layer_sizes': (15, 15), 'max_iter': 32}",0.5,0.6455696202531646,0.8288704965920155,0.765741642323921,0.7120253164556961,0.6904414151249594,0.1127652518983544,37
248,0.04693827629089355,0.008620665098793976,0.0008294582366943359,2.847839818069943e-05,0.01,"(15, 15)",64,"{'alpha': 0.01, 'hidden_layer_sizes': (15, 15), 'max_iter': 64}",0.5,0.6455696202531646,0.8288704965920155,0.765741642323921,0.7120253164556961,0.6904414151249594,0.1127652518983544,37
249,0.047107267379760745,0.008789163854992683,0.0008246898651123047,3.951049788968241e-05,0.01,"(15, 15)",128,"{'alpha': 0.01, 'hidden_layer_sizes': (15, 15), 'max_iter': 128}",0.5,0.6455696202531646,0.8288704965920155,0.765741642323921,0.7120253164556961,0.6904414151249594,0.1127652518983544,37
250,0.04759960174560547,0.008907247602022337,0.0008957862854003906,0.00012877361567274745,0.01,"(15, 15)",256,"{'alpha': 0.01, 'hidden_layer_sizes': (15, 15), 'max_iter': 256}",0.5,0.6455696202531646,0.8288704965920155,0.765741642323921,0.7120253164556961,0.6904414151249594,0.1127652518983544,37
251,0.04682059288024902,0.008709348119516047,0.0008352279663085937,4.155695335369278e-05,0.01,"(15, 15)",512,"{'alpha': 0.01, 'hidden_layer_sizes': (15, 15), 'max_iter': 512}",0.5,0.6455696202531646,0.8288704965920155,0.765741642323921,0.7120253164556961,0.6904414151249594,0.1127652518983544,37
252,0.04685535430908203,0.008648126274551107,0.0008268356323242188,1.862352825114259e-05,0.01,"(15, 15)",1024,"{'alpha': 0.01, 'hidden_layer_sizes': (15, 15), 'max_iter': 1024}",0.5,0.6455696202531646,0.8288704965920155,0.765741642323921,0.7120253164556961,0.6904414151249594,0.1127652518983544,37
253,0.04702115058898926,0.008798747318048472,0.0008082866668701171,5.040509348669711e-06,0.01,"(15, 15)",2048,"{'alpha': 0.01, 'hidden_layer_sizes': (15, 15), 'max_iter': 2048}",0.5,0.6455696202531646,0.8288704965920155,0.765741642323921,0.7120253164556961,0.6904414151249594,0.1127652518983544,37
254,0.0469545841217041,0.008621592815931453,0.0008164405822753906,1.777112658903851e-05,0.01,"(15, 15)",2100,"{'alpha': 0.01, 'hidden_layer_sizes': (15, 15), 'max_iter': 2100}",0.5,0.6455696202531646,0.8288704965920155,0.765741642323921,0.7120253164556961,0.6904414151249594,0.1127652518983544,37
255,0.04687004089355469,0.008561429906980106,0.000843954086303711,3.4665897426715895e-05,0.01,"(15, 15)",2200,"{'alpha': 0.01, 'hidden_layer_sizes': (15, 15), 'max_iter': 2200}",0.5,0.6455696202531646,0.8288704965920155,0.765741642323921,0.7120253164556961,0.6904414151249594,0.1127652518983544,37
256,0.04716958999633789,0.008784586244688973,0.0008133411407470703,1.872798806043276e-05,0.01,"(15, 15)",2300,"{'alpha': 0.01, 'hidden_layer_sizes': (15, 15), 'max_iter': 2300}",0.5,0.6455696202531646,0.8288704965920155,0.765741642323921,0.7120253164556961,0.6904414151249594,0.1127652518983544,37
257,0.04716534614562988,0.008669551269605492,0.0008084774017333984,4.645186949904463e-06,0.01,"(15, 15)",2400,"{'alpha': 0.01, 'hidden_layer_sizes': (15, 15), 'max_iter': 2400}",0.5,0.6455696202531646,0.8288704965920155,0.765741642323921,0.7120253164556961,0.6904414151249594,0.1127652518983544,37
258,0.04693827629089355,0.00867079835786203,0.0008063316345214844,2.849077080972606e-06,0.01,"(15, 15)",2500,"{'alpha': 0.01, 'hidden_layer_sizes': (15, 15), 'max_iter': 2500}",0.5,0.6455696202531646,0.8288704965920155,0.765741642323921,0.7120253164556961,0.6904414151249594,0.1127652518983544,37
259,0.046969270706176756,0.008748122208459186,0.000828409194946289,3.6581708670340544e-05,0.01,"(15, 15)",2600,"{'alpha': 0.01, 'hidden_layer_sizes': (15, 15), 'max_iter': 2600}",0.5,0.6455696202531646,0.8288704965920155,0.765741642323921,0.7120253164556961,0.6904414151249594,0.1127652518983544,37
260,0.04699521064758301,0.008681636808849912,0.0008108139038085938,9.271264437203776e-06,0.01,"(15, 15)",2700,"{'alpha': 0.01, 'hidden_layer_sizes': (15, 15), 'max_iter': 2700}",0.5,0.6455696202531646,0.8288704965920155,0.765741642323921,0.7120253164556961,0.6904414151249594,0.1127652518983544,37
261,0.04699606895446777,0.008694954279464004,0.0008233070373535156,3.4914575482179615e-05,0.01,"(15, 15)",2800,"{'alpha': 0.01, 'hidden_layer_sizes': (15, 15), 'max_iter': 2800}",0.5,0.6455696202531646,0.8288704965920155,0.765741642323921,0.7120253164556961,0.6904414151249594,0.1127652518983544,37
262,0.046933555603027345,0.00858177012922961,0.0008111000061035156,8.679222239022503e-06,0.01,"(15, 15)",2900,"{'alpha': 0.01, 'hidden_layer_sizes': (15, 15), 'max_iter': 2900}",0.5,0.6455696202531646,0.8288704965920155,0.765741642323921,0.7120253164556961,0.6904414151249594,0.1127652518983544,37
263,0.04690113067626953,0.008664895580048277,0.0008112907409667969,1.1446475734365056e-05,0.01,"(15, 15)",3000,"{'alpha': 0.01, 'hidden_layer_sizes': (15, 15), 'max_iter': 3000}",0.5,0.6455696202531646,0.8288704965920155,0.765741642323921,0.7120253164556961,0.6904414151249594,0.1127652518983544,37
264,0.0054871559143066405,0.00010720211377150901,0.0008814334869384766,4.465497882249129e-06,0.1,"(5,)",1,"{'alpha': 0.1, 'hidden_layer_sizes': (5,), 'max_iter': 1}",0.5,0.5,0.4999999999999999,0.5,0.5,0.5,4.965068306494546e-17,58
265,0.007126140594482422,0.00016988908292252735,0.0008809089660644532,1.994490762412682e-05,0.1,"(5,)",2,"{'alpha': 0.1, 'hidden_layer_sizes': (5,), 'max_iter': 2}",0.5,0.5,0.4999999999999999,0.5,0.5,0.5,4.965068306494546e-17,58
266,0.010558843612670898,0.0001987459906687981,0.0008800983428955078,1.317193063995224e-05,0.1,"(5,)",4,"{'alpha': 0.1, 'hidden_layer_sizes': (5,), 'max_iter': 4}",0.5,0.5,0.4999999999999999,0.5,0.5,0.5,4.965068306494546e-17,58
267,0.017119503021240233,8.554365589227134e-05,0.0008903980255126953,2.0556382971335912e-05,0.1,"(5,)",8,"{'alpha': 0.1, 'hidden_layer_sizes': (5,), 'max_iter': 8}",0.5,0.5,0.4999999999999999,0.5,0.5,0.5,4.965068306494546e-17,58
268,0.023612499237060547,0.0001321590980686441,0.0007938385009765625,4.0633297297709084e-05,0.1,"(5,)",16,"{'alpha': 0.1, 'hidden_layer_sizes': (5,), 'max_iter': 16}",0.5,0.5,0.4999999999999999,0.5,0.5,0.5,4.965068306494546e-17,58
269,0.02356686592102051,0.0002038922233770986,0.0007812023162841797,1.1484353450569223e-05,0.1,"(5,)",32,"{'alpha': 0.1, 'hidden_layer_sizes': (5,), 'max_iter': 32}",0.5,0.5,0.4999999999999999,0.5,0.5,0.5,4.965068306494546e-17,58
270,0.023629188537597656,0.00015807371152388566,0.0007780075073242187,7.631480408677563e-06,0.1,"(5,)",64,"{'alpha': 0.1, 'hidden_layer_sizes': (5,), 'max_iter': 64}",0.5,0.5,0.4999999999999999,0.5,0.5,0.5,4.965068306494546e-17,58
271,0.023591899871826173,8.38308474901531e-05,0.0007749557495117188,3.816484986069439e-06,0.1,"(5,)",128,"{'alpha': 0.1, 'hidden_layer_sizes': (5,), 'max_iter': 128}",0.5,0.5,0.4999999999999999,0.5,0.5,0.5,4.965068306494546e-17,58
272,0.02371830940246582,0.00019402206893937897,0.000773763656616211,7.168434323488669e-07,0.1,"(5,)",256,"{'alpha': 0.1, 'hidden_layer_sizes': (5,), 'max_iter': 256}",0.5,0.5,0.4999999999999999,0.5,0.5,0.5,4.965068306494546e-17,58
273,0.023497343063354492,8.616607096659721e-05,0.0007789134979248047,1.0625019052103612e-05,0.1,"(5,)",512,"{'alpha': 0.1, 'hidden_layer_sizes': (5,), 'max_iter': 512}",0.5,0.5,0.4999999999999999,0.5,0.5,0.5,4.965068306494546e-17,58
274,0.023499536514282226,0.00016988172175318774,0.0007954597473144531,2.818006749292866e-05,0.1,"(5,)",1024,"{'alpha': 0.1, 'hidden_layer_sizes': (5,), 'max_iter': 1024}",0.5,0.5,0.4999999999999999,0.5,0.5,0.5,4.965068306494546e-17,58
275,0.02349987030029297,8.011780981562804e-05,0.0007991790771484375,3.7058561759425066e-05,0.1,"(5,)",2048,"{'alpha': 0.1, 'hidden_layer_sizes': (5,), 'max_iter': 2048}",0.5,0.5,0.4999999999999999,0.5,0.5,0.5,4.965068306494546e-17,58
276,0.023695659637451173,0.0001740210920924314,0.0007781982421875,6.868772645420043e-06,0.1,"(5,)",2100,"{'alpha': 0.1, 'hidden_layer_sizes': (5,), 'max_iter': 2100}",0.5,0.5,0.4999999999999999,0.5,0.5,0.5,4.965068306494546e-17,58
277,0.02353191375732422,0.00011505597456562316,0.0007772445678710938,1.0785377710435436e-05,0.1,"(5,)",2200,"{'alpha': 0.1, 'hidden_layer_sizes': (5,), 'max_iter': 2200}",0.5,0.5,0.4999999999999999,0.5,0.5,0.5,4.965068306494546e-17,58
278,0.023613548278808592,0.0002377891146573455,0.000787353515625,2.8863658625415607e-05,0.1,"(5,)",2300,"{'alpha': 0.1, 'hidden_layer_sizes': (5,), 'max_iter': 2300}",0.5,0.5,0.4999999999999999,0.5,0.5,0.5,4.965068306494546e-17,58
279,0.023599576950073243,0.0001485924662303517,0.0007770061492919922,3.937878193295017e-06,0.1,"(5,)",2400,"{'alpha': 0.1, 'hidden_layer_sizes': (5,), 'max_iter': 2400}",0.5,0.5,0.4999999999999999,0.5,0.5,0.5,4.965068306494546e-17,58
280,0.023475027084350585,0.00020596459854946533,0.0007721900939941407,8.971637593377486e-07,0.1,"(5,)",2500,"{'alpha': 0.1, 'hidden_layer_sizes': (5,), 'max_iter': 2500}",0.5,0.5,0.4999999999999999,0.5,0.5,0.5,4.965068306494546e-17,58
281,0.023549365997314452,0.00012368676096155784,0.00077667236328125,1.1209832089306986e-05,0.1,"(5,)",2600,"{'alpha': 0.1, 'hidden_layer_sizes': (5,), 'max_iter': 2600}",0.5,0.5,0.4999999999999999,0.5,0.5,0.5,4.965068306494546e-17,58
282,0.023774194717407226,0.0001574493912896446,0.0007753849029541015,7.269851244697161e-06,0.1,"(5,)",2700,"{'alpha': 0.1, 'hidden_layer_sizes': (5,), 'max_iter': 2700}",0.5,0.5,0.4999999999999999,0.5,0.5,0.5,4.965068306494546e-17,58
283,0.023679494857788086,0.00021163755340770693,0.000800323486328125,2.9760674940280497e-05,0.1,"(5,)",2800,"{'alpha': 0.1, 'hidden_layer_sizes': (5,), 'max_iter': 2800}",0.5,0.5,0.4999999999999999,0.5,0.5,0.5,4.965068306494546e-17,58
284,0.023719263076782227,0.00017983358219856178,0.0007922649383544922,3.3212315662683804e-05,0.1,"(5,)",2900,"{'alpha': 0.1, 'hidden_layer_sizes': (5,), 'max_iter': 2900}",0.5,0.5,0.4999999999999999,0.5,0.5,0.5,4.965068306494546e-17,58
285,0.024022293090820313,0.0002442906801454632,0.0007803440093994141,1.1061183243939284e-05,0.1,"(5,)",3000,"{'alpha': 0.1, 'hidden_layer_sizes': (5,), 'max_iter': 3000}",0.5,0.5,0.4999999999999999,0.5,0.5,0.5,4.965068306494546e-17,58
286,0.005655813217163086,0.0002133537728361836,0.0008961677551269532,1.94777327331507e-05,0.1,"(10,)",1,"{'alpha': 0.1, 'hidden_layer_sizes': (10,), 'max_iter': 1}",0.5,0.5,0.4999999999999999,0.5,0.5,0.5,4.965068306494546e-17,58
287,0.007344532012939453,0.0001743861615125622,0.0008853435516357422,1.1631894914812878e-05,0.1,"(10,)",2,"{'alpha': 0.1, 'hidden_layer_sizes': (10,), 'max_iter': 2}",0.5,0.5,0.4999999999999999,0.5,0.5,0.5,4.965068306494546e-17,58
288,0.010846996307373047,0.0002797436461292155,0.0009130001068115235,2.3333177471184705e-05,0.1,"(10,)",4,"{'alpha': 0.1, 'hidden_layer_sizes': (10,), 'max_iter': 4}",0.5,0.5,0.4999999999999999,0.5,0.5,0.5,4.965068306494546e-17,58
289,0.017395687103271485,0.0001493739415073447,0.0008931636810302734,2.823641067644241e-05,0.1,"(10,)",8,"{'alpha': 0.1, 'hidden_layer_sizes': (10,), 'max_iter': 8}",0.5,0.5,0.4999999999999999,0.5,0.5,0.5,4.965068306494546e-17,58
290,0.024258947372436522,0.00011123677830618154,0.0008049964904785156,3.1123479473602945e-05,0.1,"(10,)",16,"{'alpha': 0.1, 'hidden_layer_sizes': (10,), 'max_iter': 16}",0.5,0.5,0.4999999999999999,0.5,0.5,0.5,4.965068306494546e-17,58
291,0.024180126190185548,9.834474790469524e-05,0.0007790088653564453,1.9924719253326587e-06,0.1,"(10,)",32,"{'alpha': 0.1, 'hidden_layer_sizes': (10,), 'max_iter': 32}",0.5,0.5,0.4999999999999999,0.5,0.5,0.5,4.965068306494546e-17,58
292,0.02421908378601074,0.0001934444018042673,0.0008011817932128906,3.3480828280609496e-05,0.1,"(10,)",64,"{'alpha': 0.1, 'hidden_layer_sizes': (10,), 'max_iter': 64}",0.5,0.5,0.4999999999999999,0.5,0.5,0.5,4.965068306494546e-17,58
293,0.02425069808959961,0.00011387290659329094,0.0007841587066650391,9.093723426556555e-06,0.1,"(10,)",128,"{'alpha': 0.1, 'hidden_layer_sizes': (10,), 'max_iter': 128}",0.5,0.5,0.4999999999999999,0.5,0.5,0.5,4.965068306494546e-17,58
294,0.024113225936889648,0.00017050862025197135,0.0007942676544189453,2.7201710553711365e-05,0.1,"(10,)",256,"{'alpha': 0.1, 'hidden_layer_sizes': (10,), 'max_iter': 256}",0.5,0.5,0.4999999999999999,0.5,0.5,0.5,4.965068306494546e-17,58
295,0.024216461181640624,0.00014097990366359342,0.0007879257202148438,1.949406880862206e-05,0.1,"(10,)",512,"{'alpha': 0.1, 'hidden_layer_sizes': (10,), 'max_iter': 512}",0.5,0.5,0.4999999999999999,0.5,0.5,0.5,4.965068306494546e-17,58
296,0.02430095672607422,0.0001978235026622326,0.0007839202880859375,7.211127482846713e-06,0.1,"(10,)",1024,"{'alpha': 0.1, 'hidden_layer_sizes': (10,), 'max_iter': 1024}",0.5,0.5,0.4999999999999999,0.5,0.5,0.5,4.965068306494546e-17,58
297,0.024237728118896483,0.00016562906944482794,0.0007846832275390625,1.1362740332493957e-05,0.1,"(10,)",2048,"{'alpha': 0.1, 'hidden_layer_sizes': (10,), 'max_iter': 2048}",0.5,0.5,0.4999999999999999,0.5,0.5,0.5,4.965068306494546e-17,58
298,0.024442100524902345,0.00020228220219711468,0.0007825374603271484,9.609658919260052e-06,0.1,"(10,)",2100,"{'alpha': 0.1, 'hidden_layer_sizes': (10,), 'max_iter': 2100}",0.5,0.5,0.4999999999999999,0.5,0.5,0.5,4.965068306494546e-17,58
299,0.024154043197631835,7.079716762619204e-05,0.0007877349853515625,1.3330988887791865e-05,0.1,"(10,)",2200,"{'alpha': 0.1, 'hidden_layer_sizes': (10,), 'max_iter': 2200}",0.5,0.5,0.4999999999999999,0.5,0.5,0.5,4.965068306494546e-17,58
300,0.024224567413330077,0.00010957136877474304,0.00078125,2.1078144173908562e-06,0.1,"(10,)",2300,"{'alpha': 0.1, 'hidden_layer_sizes': (10,), 'max_iter': 2300}",0.5,0.5,0.4999999999999999,0.5,0.5,0.5,4.965068306494546e-17,58
301,0.024277925491333008,0.0001978912697842836,0.0007832050323486328,9.8683405490658e-06,0.1,"(10,)",2400,"{'alpha': 0.1, 'hidden_layer_sizes': (10,), 'max_iter': 2400}",0.5,0.5,0.4999999999999999,0.5,0.5,0.5,4.965068306494546e-17,58
302,0.024141311645507812,0.0001291097695022803,0.0007959365844726563,2.1094642098479216e-05,0.1,"(10,)",2500,"{'alpha': 0.1, 'hidden_layer_sizes': (10,), 'max_iter': 2500}",0.5,0.5,0.4999999999999999,0.5,0.5,0.5,4.965068306494546e-17,58
303,0.024329328536987306,0.0002578343042039611,0.0007822513580322266,9.961218397536843e-06,0.1,"(10,)",2600,"{'alpha': 0.1, 'hidden_layer_sizes': (10,), 'max_iter': 2600}",0.5,0.5,0.4999999999999999,0.5,0.5,0.5,4.965068306494546e-17,58
304,0.024275970458984376,0.00010235622544728287,0.0007913112640380859,2.6213903218035576e-05,0.1,"(10,)",2700,"{'alpha': 0.1, 'hidden_layer_sizes': (10,), 'max_iter': 2700}",0.5,0.5,0.4999999999999999,0.5,0.5,0.5,4.965068306494546e-17,58
305,0.024297380447387697,0.00015887342557323333,0.0007839679718017578,9.081713881766921e-06,0.1,"(10,)",2800,"{'alpha': 0.1, 'hidden_layer_sizes': (10,), 'max_iter': 2800}",0.5,0.5,0.4999999999999999,0.5,0.5,0.5,4.965068306494546e-17,58
306,0.02422170639038086,0.00014151731568995198,0.0007808685302734375,3.959184409074225e-06,0.1,"(10,)",2900,"{'alpha': 0.1, 'hidden_layer_sizes': (10,), 'max_iter': 2900}",0.5,0.5,0.4999999999999999,0.5,0.5,0.5,4.965068306494546e-17,58
307,0.024243593215942383,0.00018894277532404688,0.0007968902587890625,3.601702285807718e-05,0.1,"(10,)",3000,"{'alpha': 0.1, 'hidden_layer_sizes': (10,), 'max_iter': 3000}",0.5,0.5,0.4999999999999999,0.5,0.5,0.5,4.965068306494546e-17,58
308,0.005730962753295899,0.00011160960168796204,0.0008924484252929687,6.355364639872031e-06,0.1,"(15,)",1,"{'alpha': 0.1, 'hidden_layer_sizes': (15,), 'max_iter': 1}",0.5,0.5,0.4999999999999999,0.5,0.5,0.5,4.965068306494546e-17,58
309,0.007364034652709961,0.00020892907258963388,0.0008812904357910156,3.670717097075983e-06,0.1,"(15,)",2,"{'alpha': 0.1, 'hidden_layer_sizes': (15,), 'max_iter': 2}",0.5,0.5,0.4999999999999999,0.5,0.5,0.5,4.965068306494546e-17,58
310,0.01093883514404297,0.00015473805878292224,0.0008803367614746094,2.6100029341514603e-06,0.1,"(15,)",4,"{'alpha': 0.1, 'hidden_layer_sizes': (15,), 'max_iter': 4}",0.5,0.5,0.4999999999999999,0.5,0.5,0.5,4.965068306494546e-17,58
311,0.01770129203796387,6.956343258259736e-05,0.0009043693542480468,2.7018369306039073e-05,0.1,"(15,)",8,"{'alpha': 0.1, 'hidden_layer_sizes': (15,), 'max_iter': 8}",0.5,0.5,0.4999999999999999,0.5,0.5,0.5,4.965068306494546e-17,58
312,0.024652719497680664,0.00021988362048672814,0.0007940292358398438,9.658277490698866e-06,0.1,"(15,)",16,"{'alpha': 0.1, 'hidden_layer_sizes': (15,), 'max_iter': 16}",0.5,0.5,0.4999999999999999,0.5,0.5,0.5,4.965068306494546e-17,58
313,0.024637460708618164,0.00013949316670953358,0.0007884502410888672,1.0151145241344583e-05,0.1,"(15,)",32,"{'alpha': 0.1, 'hidden_layer_sizes': (15,), 'max_iter': 32}",0.5,0.5,0.4999999999999999,0.5,0.5,0.5,4.965068306494546e-17,58
314,0.024738454818725587,0.0001159323033996367,0.0008023738861083985,3.315050664126803e-05,0.1,"(15,)",64,"{'alpha': 0.1, 'hidden_layer_sizes': (15,), 'max_iter': 64}",0.5,0.5,0.4999999999999999,0.5,0.5,0.5,4.965068306494546e-17,58
315,0.0247373104095459,0.00021950443326715228,0.0007894515991210937,1.0463723986847798e-05,0.1,"(15,)",128,"{'alpha': 0.1, 'hidden_layer_sizes': (15,), 'max_iter': 128}",0.5,0.5,0.4999999999999999,0.5,0.5,0.5,4.965068306494546e-17,58
316,0.024694490432739257,0.00014000773729804574,0.0007855415344238282,8.876602587031688e-06,0.1,"(15,)",256,"{'alpha': 0.1, 'hidden_layer_sizes': (15,), 'max_iter': 256}",0.5,0.5,0.4999999999999999,0.5,0.5,0.5,4.965068306494546e-17,58
317,0.024750566482543944,0.00015261840515197738,0.0007905006408691406,1.106693742705051e-05,0.1,"(15,)",512,"{'alpha': 0.1, 'hidden_layer_sizes': (15,), 'max_iter': 512}",0.5,0.5,0.4999999999999999,0.5,0.5,0.5,4.965068306494546e-17,58
318,0.02502126693725586,0.0003466961093450083,0.0008037567138671875,3.327947611762326e-05,0.1,"(15,)",1024,"{'alpha': 0.1, 'hidden_layer_sizes': (15,), 'max_iter': 1024}",0.5,0.5,0.4999999999999999,0.5,0.5,0.5,4.965068306494546e-17,58
319,0.02465543746948242,0.0002130207016541479,0.0007915973663330078,2.6009008377063848e-05,0.1,"(15,)",2048,"{'alpha': 0.1, 'hidden_layer_sizes': (15,), 'max_iter': 2048}",0.5,0.5,0.4999999999999999,0.5,0.5,0.5,4.965068306494546e-17,58
320,0.024663305282592772,0.000186051544889018,0.0007794857025146485,1.3869323322533596e-06,0.1,"(15,)",2100,"{'alpha': 0.1, 'hidden_layer_sizes': (15,), 'max_iter': 2100}",0.5,0.5,0.4999999999999999,0.5,0.5,0.5,4.965068306494546e-17,58
321,0.024649381637573242,9.268701266433815e-05,0.0007819652557373047,1.1872574967304998e-05,0.1,"(15,)",2200,"{'alpha': 0.1, 'hidden_layer_sizes': (15,), 'max_iter': 2200}",0.5,0.5,0.4999999999999999,0.5,0.5,0.5,4.965068306494546e-17,58
322,0.02466135025024414,0.00019699512522730934,0.0007934093475341797,1.2159254036338216e-05,0.1,"(15,)",2300,"{'alpha': 0.1, 'hidden_layer_sizes': (15,), 'max_iter': 2300}",0.5,0.5,0.4999999999999999,0.5,0.5,0.5,4.965068306494546e-17,58
323,0.024714231491088867,0.00013058105262689053,0.0007838249206542969,9.854044947877328e-06,0.1,"(15,)",2400,"{'alpha': 0.1, 'hidden_layer_sizes': (15,), 'max_iter': 2400}",0.5,0.5,0.4999999999999999,0.5,0.5,0.5,4.965068306494546e-17,58
324,0.024700069427490236,0.00013075433088945097,0.0007874011993408203,1.677328504039795e-05,0.1,"(15,)",2500,"{'alpha': 0.1, 'hidden_layer_sizes': (15,), 'max_iter': 2500}",0.5,0.5,0.4999999999999999,0.5,0.5,0.5,4.965068306494546e-17,58
325,0.024599266052246094,5.8417787122647355e-05,0.0007979393005371094,2.4919657701301373e-05,0.1,"(15,)",2600,"{'alpha': 0.1, 'hidden_layer_sizes': (15,), 'max_iter': 2600}",0.5,0.5,0.4999999999999999,0.5,0.5,0.5,4.965068306494546e-17,58
326,0.0246553897857666,9.635372364976297e-05,0.0007796764373779296,3.9820899193025525e-06,0.1,"(15,)",2700,"{'alpha': 0.1, 'hidden_layer_sizes': (15,), 'max_iter': 2700}",0.5,0.5,0.4999999999999999,0.5,0.5,0.5,4.965068306494546e-17,58
327,0.024603652954101562,0.00016753640812019002,0.0007831096649169922,4.658872294645018e-06,0.1,"(15,)",2800,"{'alpha': 0.1, 'hidden_layer_sizes': (15,), 'max_iter': 2800}",0.5,0.5,0.4999999999999999,0.5,0.5,0.5,4.965068306494546e-17,58
328,0.025320720672607423,0.0009950625478288263,0.0008563518524169922,0.00011999911915124546,0.1,"(15,)",2900,"{'alpha': 0.1, 'hidden_layer_sizes': (15,), 'max_iter': 2900}",0.5,0.5,0.4999999999999999,0.5,0.5,0.5,4.965068306494546e-17,58
329,0.024783754348754884,0.0002568665872606144,0.0007869243621826172,8.641941763057884e-06,0.1,"(15,)",3000,"{'alpha': 0.1, 'hidden_layer_sizes': (15,), 'max_iter': 3000}",0.5,0.5,0.4999999999999999,0.5,0.5,0.5,4.965068306494546e-17,58
330,0.005851221084594726,0.00012306476996377705,0.0009192466735839844,1.7359492345268685e-05,0.1,"(5, 5)",1,"{'alpha': 0.1, 'hidden_layer_sizes': (5, 5), 'max_iter': 1}",0.5,0.5,0.4999999999999999,0.5,0.5,0.5,4.965068306494546e-17,58
331,0.007965373992919921,0.00018231539344780087,0.0009046554565429688,6.552998729147504e-06,0.1,"(5, 5)",2,"{'alpha': 0.1, 'hidden_layer_sizes': (5, 5), 'max_iter': 2}",0.5,0.5,0.4999999999999999,0.5,0.5,0.5,4.965068306494546e-17,58
332,0.012011337280273437,0.00014358590627026798,0.0009027481079101563,6.899489306520813e-06,0.1,"(5, 5)",4,"{'alpha': 0.1, 'hidden_layer_sizes': (5, 5), 'max_iter': 4}",0.5,0.5,0.4999999999999999,0.5,0.5,0.5,4.965068306494546e-17,58
333,0.020060920715332033,0.0002040715189952943,0.0009085655212402344,2.1293008330924554e-05,0.1,"(5, 5)",8,"{'alpha': 0.1, 'hidden_layer_sizes': (5, 5), 'max_iter': 8}",0.5,0.5,0.4999999999999999,0.5,0.5,0.5,4.965068306494546e-17,58
334,0.028249406814575197,0.0004537799614737681,0.000815725326538086,3.1809220332207286e-05,0.1,"(5, 5)",16,"{'alpha': 0.1, 'hidden_layer_sizes': (5, 5), 'max_iter': 16}",0.5,0.5,0.4999999999999999,0.5,0.5,0.5,4.965068306494546e-17,58
335,0.02786726951599121,9.551113745493116e-05,0.0007972240447998047,4.745428201532261e-06,0.1,"(5, 5)",32,"{'alpha': 0.1, 'hidden_layer_sizes': (5, 5), 'max_iter': 32}",0.5,0.5,0.4999999999999999,0.5,0.5,0.5,4.965068306494546e-17,58
336,0.02796335220336914,0.000215291179558343,0.0008014678955078125,1.423229118959269e-05,0.1,"(5, 5)",64,"{'alpha': 0.1, 'hidden_layer_sizes': (5, 5), 'max_iter': 64}",0.5,0.5,0.4999999999999999,0.5,0.5,0.5,4.965068306494546e-17,58
337,0.02778482437133789,0.0001772676366874427,0.0007987499237060546,9.373701677474198e-06,0.1,"(5, 5)",128,"{'alpha': 0.1, 'hidden_layer_sizes': (5, 5), 'max_iter': 128}",0.5,0.5,0.4999999999999999,0.5,0.5,0.5,4.965068306494546e-17,58
338,0.028037881851196288,0.00023091755008416057,0.0007980823516845703,1.437535525346542e-05,0.1,"(5, 5)",256,"{'alpha': 0.1, 'hidden_layer_sizes': (5, 5), 'max_iter': 256}",0.5,0.5,0.4999999999999999,0.5,0.5,0.5,4.965068306494546e-17,58
339,0.02781376838684082,0.00012812159245890968,0.0007925987243652344,5.4086871866032555e-06,0.1,"(5, 5)",512,"{'alpha': 0.1, 'hidden_layer_sizes': (5, 5), 'max_iter': 512}",0.5,0.5,0.4999999999999999,0.5,0.5,0.5,4.965068306494546e-17,58
340,0.02783069610595703,0.00015918961250666535,0.0008139610290527344,3.537058346127889e-05,0.1,"(5, 5)",1024,"{'alpha': 0.1, 'hidden_layer_sizes': (5, 5), 'max_iter': 1024}",0.5,0.5,0.4999999999999999,0.5,0.5,0.5,4.965068306494546e-17,58
341,0.027890682220458984,0.00016037976733953435,0.00079345703125,2.768120817890166e-06,0.1,"(5, 5)",2048,"{'alpha': 0.1, 'hidden_layer_sizes': (5, 5), 'max_iter': 2048}",0.5,0.5,0.4999999999999999,0.5,0.5,0.5,4.965068306494546e-17,58
342,0.027996015548706055,8.880423514272837e-05,0.0007955551147460938,3.5981463394000024e-06,0.1,"(5, 5)",2100,"{'alpha': 0.1, 'hidden_layer_sizes': (5, 5), 'max_iter': 2100}",0.5,0.5,0.4999999999999999,0.5,0.5,0.5,4.965068306494546e-17,58
343,0.027851343154907227,0.00012128688456295885,0.0008227348327636719,3.789502628240068e-05,0.1,"(5, 5)",2200,"{'alpha': 0.1, 'hidden_layer_sizes': (5, 5), 'max_iter': 2200}",0.5,0.5,0.4999999999999999,0.5,0.5,0.5,4.965068306494546e-17,58
344,0.027899503707885742,0.0001946388885704947,0.0008021354675292969,2.25698668032401e-05,0.1,"(5, 5)",2300,"{'alpha': 0.1, 'hidden_layer_sizes': (5, 5), 'max_iter': 2300}",0.5,0.5,0.4999999999999999,0.5,0.5,0.5,4.965068306494546e-17,58
345,0.027801322937011718,5.89339477673524e-05,0.0007964134216308594,1.5212973716096673e-05,0.1,"(5, 5)",2400,"{'alpha': 0.1, 'hidden_layer_sizes': (5, 5), 'max_iter': 2400}",0.5,0.5,0.4999999999999999,0.5,0.5,0.5,4.965068306494546e-17,58
346,0.02789478302001953,0.00013679671073766155,0.0007962226867675781,8.268141826236542e-06,0.1,"(5, 5)",2500,"{'alpha': 0.1, 'hidden_layer_sizes': (5, 5), 'max_iter': 2500}",0.5,0.5,0.4999999999999999,0.5,0.5,0.5,4.965068306494546e-17,58
347,0.028007936477661134,0.00011801497139422272,0.0008243083953857422,4.305567579668443e-05,0.1,"(5, 5)",2600,"{'alpha': 0.1, 'hidden_layer_sizes': (5, 5), 'max_iter': 2600}",0.5,0.5,0.4999999999999999,0.5,0.5,0.5,4.965068306494546e-17,58
348,0.027933263778686525,0.00024990223433038255,0.0008141994476318359,3.810104943744804e-05,0.1,"(5, 5)",2700,"{'alpha': 0.1, 'hidden_layer_sizes': (5, 5), 'max_iter': 2700}",0.5,0.5,0.4999999999999999,0.5,0.5,0.5,4.965068306494546e-17,58
349,0.027903318405151367,0.00010042455457796128,0.0008122920989990234,3.584248880339932e-05,0.1,"(5, 5)",2800,"{'alpha': 0.1, 'hidden_layer_sizes': (5, 5), 'max_iter': 2800}",0.5,0.5,0.4999999999999999,0.5,0.5,0.5,4.965068306494546e-17,58
350,0.02809567451477051,0.00028347182603840005,0.0007935047149658203,1.1018962868014662e-06,0.1,"(5, 5)",2900,"{'alpha': 0.1, 'hidden_layer_sizes': (5, 5), 'max_iter': 2900}",0.5,0.5,0.4999999999999999,0.5,0.5,0.5,4.965068306494546e-17,58
351,0.027954244613647462,0.00012430666404743642,0.0008247852325439453,3.926243688085352e-05,0.1,"(5, 5)",3000,"{'alpha': 0.1, 'hidden_layer_sizes': (5, 5), 'max_iter': 3000}",0.5,0.5,0.4999999999999999,0.5,0.5,0.5,4.965068306494546e-17,58
352,0.005902099609375,4.6509445882274345e-05,0.0009532928466796875,4.266016647061532e-05,0.1,"(10, 10)",1,"{'alpha': 0.1, 'hidden_layer_sizes': (10, 10), 'max_iter': 1}",0.5,0.5,0.4999999999999999,0.5,0.5,0.5,4.965068306494546e-17,58
353,0.008156394958496094,0.00015454281262867867,0.000912618637084961,1.555790385805036e-05,0.1,"(10, 10)",2,"{'alpha': 0.1, 'hidden_layer_sizes': (10, 10), 'max_iter': 2}",0.5,0.5,0.4999999999999999,0.5,0.5,0.5,4.965068306494546e-17,58
354,0.012233209609985352,0.0001170122243980615,0.0009075641632080078,2.8494202264552335e-05,0.1,"(10, 10)",4,"{'alpha': 0.1, 'hidden_layer_sizes': (10, 10), 'max_iter': 4}",0.5,0.5,0.4999999999999999,0.5,0.5,0.5,4.965068306494546e-17,58
355,0.020842695236206056,0.0003032796260879295,0.0009219646453857422,2.833030774536459e-05,0.1,"(10, 10)",8,"{'alpha': 0.1, 'hidden_layer_sizes': (10, 10), 'max_iter': 8}",0.5,0.5,0.4999999999999999,0.5,0.5,0.5,4.965068306494546e-17,58
356,0.029035139083862304,0.00017434749802658955,0.000800180435180664,3.482543875982326e-06,0.1,"(10, 10)",16,"{'alpha': 0.1, 'hidden_layer_sizes': (10, 10), 'max_iter': 16}",0.5,0.5,0.4999999999999999,0.5,0.5,0.5,4.965068306494546e-17,58
357,0.028940677642822266,0.00018803388778522835,0.0008037090301513672,1.0386953788181288e-05,0.1,"(10, 10)",32,"{'alpha': 0.1, 'hidden_layer_sizes': (10, 10), 'max_iter': 32}",0.5,0.5,0.4999999999999999,0.5,0.5,0.5,4.965068306494546e-17,58
358,0.028889846801757813,9.877591670199136e-05,0.0008056640625,1.0027648489452296e-05,0.1,"(10, 10)",64,"{'alpha': 0.1, 'hidden_layer_sizes': (10, 10), 'max_iter': 64}",0.5,0.5,0.4999999999999999,0.5,0.5,0.5,4.965068306494546e-17,58
359,0.028980541229248046,0.00019100905022713106,0.0007997035980224609,4.14985327187244e-06,0.1,"(10, 10)",128,"{'alpha': 0.1, 'hidden_layer_sizes': (10, 10), 'max_iter': 128}",0.5,0.5,0.4999999999999999,0.5,0.5,0.5,4.965068306494546e-17,58
360,0.028994035720825196,0.00011434445686867224,0.000813436508178711,2.7166915689275524e-05,0.1,"(10, 10)",256,"{'alpha': 0.1, 'hidden_layer_sizes': (10, 10), 'max_iter': 256}",0.5,0.5,0.4999999999999999,0.5,0.5,0.5,4.965068306494546e-17,58
361,0.029499101638793945,0.00020307796485978532,0.0008089542388916016,1.0043055432816139e-05,0.1,"(10, 10)",512,"{'alpha': 0.1, 'hidden_layer_sizes': (10, 10), 'max_iter': 512}",0.5,0.5,0.4999999999999999,0.5,0.5,0.5,4.965068306494546e-17,58
362,0.02956676483154297,0.00012354233312986257,0.0008245468139648438,2.8713358339928812e-06,0.1,"(10, 10)",1024,"{'alpha': 0.1, 'hidden_layer_sizes': (10, 10), 'max_iter': 1024}",0.5,0.5,0.4999999999999999,0.5,0.5,0.5,4.965068306494546e-17,58
363,0.029622602462768554,0.00015409414596072248,0.0008251190185546875,8.604764010205864e-06,0.1,"(10, 10)",2048,"{'alpha': 0.1, 'hidden_layer_sizes': (10, 10), 'max_iter': 2048}",0.5,0.5,0.4999999999999999,0.5,0.5,0.5,4.965068306494546e-17,58
364,0.029625654220581055,0.0001075606599366384,0.0008364200592041015,3.882092931850426e-05,0.1,"(10, 10)",2100,"{'alpha': 0.1, 'hidden_layer_sizes': (10, 10), 'max_iter': 2100}",0.5,0.5,0.4999999999999999,0.5,0.5,0.5,4.965068306494546e-17,58
365,0.029778385162353517,0.00047448844872880933,0.0008241176605224609,7.226246487789679e-06,0.1,"(10, 10)",2200,"{'alpha': 0.1, 'hidden_layer_sizes': (10, 10), 'max_iter': 2200}",0.5,0.5,0.4999999999999999,0.5,0.5,0.5,4.965068306494546e-17,58
366,0.029690265655517578,0.00010150428453796637,0.0008402347564697265,3.285868215235062e-05,0.1,"(10, 10)",2300,"{'alpha': 0.1, 'hidden_layer_sizes': (10, 10), 'max_iter': 2300}",0.5,0.5,0.4999999999999999,0.5,0.5,0.5,4.965068306494546e-17,58
367,0.030011415481567383,0.0004834364091344127,0.0008315563201904297,9.430532297429758e-06,0.1,"(10, 10)",2400,"{'alpha': 0.1, 'hidden_layer_sizes': (10, 10), 'max_iter': 2400}",0.5,0.5,0.4999999999999999,0.5,0.5,0.5,4.965068306494546e-17,58
368,0.02956876754760742,8.439702496865916e-05,0.0008238792419433594,1.282913515036528e-05,0.1,"(10, 10)",2500,"{'alpha': 0.1, 'hidden_layer_sizes': (10, 10), 'max_iter': 2500}",0.5,0.5,0.4999999999999999,0.5,0.5,0.5,4.965068306494546e-17,58
369,0.029526662826538087,4.4581953794096355e-05,0.0008264064788818359,4.802581143193883e-06,0.1,"(10, 10)",2600,"{'alpha': 0.1, 'hidden_layer_sizes': (10, 10), 'max_iter': 2600}",0.5,0.5,0.4999999999999999,0.5,0.5,0.5,4.965068306494546e-17,58
370,0.0295102596282959,0.00015070030831208008,0.0008385181427001953,3.2626953178164276e-05,0.1,"(10, 10)",2700,"{'alpha': 0.1, 'hidden_layer_sizes': (10, 10), 'max_iter': 2700}",0.5,0.5,0.4999999999999999,0.5,0.5,0.5,4.965068306494546e-17,58
371,0.029404497146606444,0.00021342384255098614,0.0008266448974609375,6.48463472652634e-06,0.1,"(10, 10)",2800,"{'alpha': 0.1, 'hidden_layer_sizes': (10, 10), 'max_iter': 2800}",0.5,0.5,0.4999999999999999,0.5,0.5,0.5,4.965068306494546e-17,58
372,0.029762697219848634,0.00019181597207773872,0.0008416652679443359,3.1112080751315895e-05,0.1,"(10, 10)",2900,"{'alpha': 0.1, 'hidden_layer_sizes': (10, 10), 'max_iter': 2900}",0.5,0.5,0.4999999999999999,0.5,0.5,0.5,4.965068306494546e-17,58
373,0.029746437072753908,0.00026463562718129577,0.0008306026458740235,7.008695231122256e-06,0.1,"(10, 10)",3000,"{'alpha': 0.1, 'hidden_layer_sizes': (10, 10), 'max_iter': 3000}",0.5,0.5,0.4999999999999999,0.5,0.5,0.5,4.965068306494546e-17,58
374,0.00679926872253418,0.0002988222245323574,0.0009335994720458985,1.978006517386096e-05,0.1,"(15, 15)",1,"{'alpha': 0.1, 'hidden_layer_sizes': (15, 15), 'max_iter': 1}",0.5,0.5,0.4999999999999999,0.5,0.5,0.5,4.965068306494546e-17,58
375,0.008890247344970703,0.0004012518415850108,0.0009134769439697266,5.110395323398145e-06,0.1,"(15, 15)",2,"{'alpha': 0.1, 'hidden_layer_sizes': (15, 15), 'max_iter': 2}",0.5,0.5,0.4999999999999999,0.5,0.5,0.5,4.965068306494546e-17,58
376,0.01285395622253418,8.879913981597302e-05,0.0009187698364257812,1.594490981265195e-05,0.1,"(15, 15)",4,"{'alpha': 0.1, 'hidden_layer_sizes': (15, 15), 'max_iter': 4}",0.5,0.5,0.4999999999999999,0.5,0.5,0.5,4.965068306494546e-17,58
377,0.021566057205200197,8.800153452381857e-05,0.0009280204772949219,2.3125176533282163e-05,0.1,"(15, 15)",8,"{'alpha': 0.1, 'hidden_layer_sizes': (15, 15), 'max_iter': 8}",0.5,0.5,0.7908958130477117,0.7526777020447907,0.7243589743589743,0.6535864978902953,0.12716861473155056,55
378,0.037563228607177736,0.0036158677617465418,0.0008968353271484375,4.8409564169813456e-05,0.1,"(15, 15)",16,"{'alpha': 0.1, 'hidden_layer_sizes': (15, 15), 'max_iter': 16}",0.5,0.6455696202531646,0.8415287244401168,0.77766958779617,0.7250892567348263,0.6979714378448556,0.11801229294516549,1
379,0.04663009643554687,0.008221365408790267,0.0008149623870849609,1.2986614263281364e-05,0.1,"(15, 15)",32,"{'alpha': 0.1, 'hidden_layer_sizes': (15, 15), 'max_iter': 32}",0.5,0.6455696202531646,0.8415287244401168,0.77766958779617,0.7250892567348263,0.6979714378448556,0.11801229294516549,1
380,0.04662976264953613,0.008305504249107606,0.0008469581604003906,3.2454925572419656e-05,0.1,"(15, 15)",64,"{'alpha': 0.1, 'hidden_layer_sizes': (15, 15), 'max_iter': 64}",0.5,0.6455696202531646,0.8415287244401168,0.77766958779617,0.7250892567348263,0.6979714378448556,0.11801229294516549,1
381,0.04654674530029297,0.008505126534422336,0.000819253921508789,1.5060356443379476e-05,0.1,"(15, 15)",128,"{'alpha': 0.1, 'hidden_layer_sizes': (15, 15), 'max_iter': 128}",0.5,0.6455696202531646,0.8415287244401168,0.77766958779617,0.7250892567348263,0.6979714378448556,0.11801229294516549,1
382,0.04645481109619141,0.008285700155516496,0.0008040904998779297,4.098026313756065e-06,0.1,"(15, 15)",256,"{'alpha': 0.1, 'hidden_layer_sizes': (15, 15), 'max_iter': 256}",0.5,0.6455696202531646,0.8415287244401168,0.77766958779617,0.7250892567348263,0.6979714378448556,0.11801229294516549,1
383,0.04655356407165527,0.00832980310770591,0.0008101463317871094,7.11590595224584e-06,0.1,"(15, 15)",512,"{'alpha': 0.1, 'hidden_layer_sizes': (15, 15), 'max_iter': 512}",0.5,0.6455696202531646,0.8415287244401168,0.77766958779617,0.7250892567348263,0.6979714378448556,0.11801229294516549,1
384,0.04662961959838867,0.008280474769165276,0.0008141040802001953,9.863270288050575e-06,0.1,"(15, 15)",1024,"{'alpha': 0.1, 'hidden_layer_sizes': (15, 15), 'max_iter': 1024}",0.5,0.6455696202531646,0.8415287244401168,0.77766958779617,0.7250892567348263,0.6979714378448556,0.11801229294516549,1
385,0.046628284454345706,0.00838691207563622,0.0008220195770263672,2.6456255972149932e-05,0.1,"(15, 15)",2048,"{'alpha': 0.1, 'hidden_layer_sizes': (15, 15), 'max_iter': 2048}",0.5,0.6455696202531646,0.8415287244401168,0.77766958779617,0.7250892567348263,0.6979714378448556,0.11801229294516549,1
386,0.046586036682128906,0.008269486586548698,0.0008261680603027343,3.159074063447876e-05,0.1,"(15, 15)",2100,"{'alpha': 0.1, 'hidden_layer_sizes': (15, 15), 'max_iter': 2100}",0.5,0.6455696202531646,0.8415287244401168,0.77766958779617,0.7250892567348263,0.6979714378448556,0.11801229294516549,1
387,0.04662222862243652,0.008318518877515923,0.0008158206939697266,1.0805807572186236e-05,0.1,"(15, 15)",2200,"{'alpha': 0.1, 'hidden_layer_sizes': (15, 15), 'max_iter': 2200}",0.5,0.6455696202531646,0.8415287244401168,0.77766958779617,0.7250892567348263,0.6979714378448556,0.11801229294516549,1
388,0.04652395248413086,0.008362380386120794,0.0008086681365966797,8.138983143097868e-06,0.1,"(15, 15)",2300,"{'alpha': 0.1, 'hidden_layer_sizes': (15, 15), 'max_iter': 2300}",0.5,0.6455696202531646,0.8415287244401168,0.77766958779617,0.7250892567348263,0.6979714378448556,0.11801229294516549,1
389,0.046755504608154294,0.008380147587083712,0.0008098125457763672,1.0152936988819723e-05,0.1,"(15, 15)",2400,"{'alpha': 0.1, 'hidden_layer_sizes': (15, 15), 'max_iter': 2400}",0.5,0.6455696202531646,0.8415287244401168,0.77766958779617,0.7250892567348263,0.6979714378448556,0.11801229294516549,1
390,0.04653463363647461,0.008354817844006027,0.0008057117462158203,2.9223544017876744e-06,0.1,"(15, 15)",2500,"{'alpha': 0.1, 'hidden_layer_sizes': (15, 15), 'max_iter': 2500}",0.5,0.6455696202531646,0.8415287244401168,0.77766958779617,0.7250892567348263,0.6979714378448556,0.11801229294516549,1
391,0.04662442207336426,0.008271908235026137,0.0008088588714599609,1.1345919094059339e-05,0.1,"(15, 15)",2600,"{'alpha': 0.1, 'hidden_layer_sizes': (15, 15), 'max_iter': 2600}",0.5,0.6455696202531646,0.8415287244401168,0.77766958779617,0.7250892567348263,0.6979714378448556,0.11801229294516549,1
392,0.046642112731933597,0.00843842490220652,0.0008103370666503907,8.795545425543846e-06,0.1,"(15, 15)",2700,"{'alpha': 0.1, 'hidden_layer_sizes': (15, 15), 'max_iter': 2700}",0.5,0.6455696202531646,0.8415287244401168,0.77766958779617,0.7250892567348263,0.6979714378448556,0.11801229294516549,1
393,0.04647936820983887,0.008257963712969683,0.0008263111114501954,3.31936206432777e-05,0.1,"(15, 15)",2800,"{'alpha': 0.1, 'hidden_layer_sizes': (15, 15), 'max_iter': 2800}",0.5,0.6455696202531646,0.8415287244401168,0.77766958779617,0.7250892567348263,0.6979714378448556,0.11801229294516549,1
394,0.046435308456420896,0.008237023899248453,0.0008107662200927734,8.453073479202112e-06,0.1,"(15, 15)",2900,"{'alpha': 0.1, 'hidden_layer_sizes': (15, 15), 'max_iter': 2900}",0.5,0.6455696202531646,0.8415287244401168,0.77766958779617,0.7250892567348263,0.6979714378448556,0.11801229294516549,1
395,0.04653544425964355,0.008375948717184376,0.0008266448974609375,3.8486814672325806e-05,0.1,"(15, 15)",3000,"{'alpha': 0.1, 'hidden_layer_sizes': (15, 15), 'max_iter': 3000}",0.5,0.6455696202531646,0.8415287244401168,0.77766958779617,0.7250892567348263,0.6979714378448556,0.11801229294516549,1
